Initialized native services in: C:\Users\c\.gradle\native
Initialized jansi services in: C:\Users\c\.gradle\native
Received JVM installation metadata from 'C:\developer\java\jdk-21.0.7+6': {JAVA_HOME=C:\developer\java\jdk-21.0.7+6, JAVA_VERSION=21.0.7, JAVA_VENDOR=Eclipse Adoptium, RUNTIME_NAME=OpenJDK Runtime Environment, RUNTIME_VERSION=21.0.7+6-LTS, VM_NAME=OpenJDK 64-Bit Server VM, VM_VERSION=21.0.7+6-LTS, VM_VENDOR=Eclipse Adoptium, OS_ARCH=amd64}
The client will now receive all logging from the daemon (pid: 50148). The daemon log file: C:\Users\c\.gradle\daemon\8.4\daemon-50148.out.log
Starting 2nd build in daemon [uptime: 1 mins 26.113 secs, performance: 100%, GC rate: 0.00/s, heap usage: 2% of 512 MiB, non-heap usage: 14% of 384 MiB]
Using 20 worker leases.
Now considering [C:\developer\workspace\test\20260213\backend] as hierarchies to watch
Watching the file system is configured to be enabled if available
File system watching is active
Starting Build
Settings evaluated using settings file 'C:\developer\workspace\test\20260213\backend\settings.gradle'.
Projects loaded. Root project using build file 'C:\developer\workspace\test\20260213\backend\build.gradle'.
Included projects: [root project 'demo-backend']

> Configure project :
Evaluating root project 'demo-backend' using build file 'C:\developer\workspace\test\20260213\backend\build.gradle'.
Applying dependency management to configuration 'annotationProcessor' in project 'demo-backend'
Applying dependency management to configuration 'apiElements' in project 'demo-backend'
Applying dependency management to configuration 'archives' in project 'demo-backend'
Applying dependency management to configuration 'bootArchives' in project 'demo-backend'
Applying dependency management to configuration 'compileClasspath' in project 'demo-backend'
Applying dependency management to configuration 'compileOnly' in project 'demo-backend'
Applying dependency management to configuration 'default' in project 'demo-backend'
Applying dependency management to configuration 'developmentOnly' in project 'demo-backend'
Applying dependency management to configuration 'implementation' in project 'demo-backend'
Applying dependency management to configuration 'mainSourceElements' in project 'demo-backend'
Applying dependency management to configuration 'productionRuntimeClasspath' in project 'demo-backend'
Applying dependency management to configuration 'runtimeClasspath' in project 'demo-backend'
Applying dependency management to configuration 'runtimeElements' in project 'demo-backend'
Applying dependency management to configuration 'runtimeOnly' in project 'demo-backend'
Applying dependency management to configuration 'testAnnotationProcessor' in project 'demo-backend'
Applying dependency management to configuration 'testCompileClasspath' in project 'demo-backend'
Applying dependency management to configuration 'testCompileOnly' in project 'demo-backend'
Applying dependency management to configuration 'testImplementation' in project 'demo-backend'
Applying dependency management to configuration 'testResultsElementsForTest' in project 'demo-backend'
Applying dependency management to configuration 'testRuntimeClasspath' in project 'demo-backend'
Applying dependency management to configuration 'testRuntimeOnly' in project 'demo-backend'
All projects evaluated.
Task name matched 'bootRun'
Selected primary task 'bootRun' from project :
Tasks to be executed: [task ':compileJava', task ':processResources', task ':classes', task ':resolveMainClassName', task ':bootRun']
Tasks that were excluded: []
Resolve mutations for :compileJava (Thread[#350,Execution worker,5,main]) started.
:compileJava (Thread[#350,Execution worker,5,main]) started.

> Task :compileJava UP-TO-DATE
Resolving global dependency management for project 'demo-backend'
Excluding []
Excluding []
Caching disabled for task ':compileJava' because:
  Build cache is disabled
Skipping task ':compileJava' as it is up-to-date.
Resolve mutations for :processResources (Thread[#350,Execution worker,5,main]) started.
:processResources (Thread[#350,Execution worker,5,main]) started.

> Task :processResources UP-TO-DATE
Caching disabled for task ':processResources' because:
  Build cache is disabled
Skipping task ':processResources' as it is up-to-date.
Resolve mutations for :classes (Thread[#350,Execution worker,5,main]) started.
:classes (Thread[#350,Execution worker,5,main]) started.

> Task :classes UP-TO-DATE
Skipping task ':classes' as it has no actions.
Resolve mutations for :resolveMainClassName (Thread[#350,Execution worker,5,main]) started.
:resolveMainClassName (Thread[#350,Execution worker,5,main]) started.

> Task :resolveMainClassName UP-TO-DATE
Caching disabled for task ':resolveMainClassName' because:
  Build cache is disabled
Skipping task ':resolveMainClassName' as it is up-to-date.
Resolve mutations for :bootRun (Thread[#350,Execution worker,5,main]) started.
:bootRun (Thread[#350,Execution worker,5,main]) started.

> Task :bootRun
Excluding [com.google.protobuf:protobuf-java]
Caching disabled for task ':bootRun' because:
  Build cache is disabled
Task ':bootRun' is not up-to-date because:
  Task has not declared any outputs despite executing actions.
Starting process 'command 'C:\developer\java\jdk-21.0.7+6\bin\java.exe''. Working directory: C:\developer\workspace\test\20260213\backend Command: C:\developer\java\jdk-21.0.7+6\bin\java.exe -XX:TieredStopAtLevel=1 -Dfile.encoding=UTF-8 -Duser.country=KR -Duser.language=ko -Duser.variant -cp C:\developer\workspace\test\20260213\backend\build\classes\java\main;C:\developer\workspace\test\20260213\backend\build\resources\main;C:\Users\c\.gradle\caches\modules-2\files-2.1\org.redisson\redisson-spring-boot-starter\3.24.3\faeae779c375a225d3b7211bb5989b092cf691e8\redisson-spring-boot-starter-3.24.3.jar;C:\Users\c\.gradle\caches\modules-2\files-2.1\org.apache.poi\poi-ooxml\5.2.5\df9f2c52371eeba24db8ea8cafa77285c3cc0742\poi-ooxml-5.2.5.jar;C:\Users\c\.gradle\caches\modules-2\files-2.1\io.jsonwebtoken\jjwt-jackson\0.11.5\3b83a06809e98a69402d7333dcf67df6f6ea4579\jjwt-jackson-0.11.5.jar;C:\Users\c\.gradle\caches\modules-2\files-2.1\org.springframework.boot\spring-boot-actuator-autoconfigure\3.1.4\fcc2827e35b4c99ad0e7145782406260202f9abc\spring-boot-actuator-autoconfigure-3.1.4.jar;C:\Users\c\.gradle\caches\modules-2\files-2.1\org.redisson\redisson-spring-data-31\3.24.3\3dd8289078f8a3a9d19eaf340c481130af6c506d\redisson-spring-data-31-3.24.3.jar;C:\Users\c\.gradle\caches\modules-2\files-2.1\org.redisson\redisson\3.24.3\94ba486381f0db9b0494c82d1592b79777e754f\redisson-3.24.3.jar;C:\Users\c\.gradle\caches\modules-2\files-2.1\org.flywaydb\flyway-mysql\9.16.3\1b275ceaf1dc839d9a3d82908ca2a367c6502d5a\flyway-mysql-9.16.3.jar;C:\Users\c\.gradle\caches\modules-2\files-2.1\org.flywaydb\flyway-core\9.16.3\ea75bff08a52e6489a3f0b92e913061ff9e9edb3\flyway-core-9.16.3.jar;C:\Users\c\.gradle\caches\modules-2\files-2.1\com.fasterxml.jackson.dataformat\jackson-dataformat-toml\2.15.2\eb495841634034db2c635519c4048e96188bdc36\jackson-dataformat-toml-2.15.2.jar;C:\Users\c\.gradle\caches\modules-2\files-2.1\com.fasterxml.jackson.datatype\jackson-datatype-jdk8\2.15.2\66a50e089cfd2f93896b9b6f7a734cea7bcf2f31\jackson-datatype-jdk8-2.15.2.jar;C:\Users\c\.gradle\caches\modules-2\files-2.1\org.springdoc\springdoc-openapi-starter-webmvc-ui\2.2.0\178d8ed6714d78b8b475c45bc60642a9232fcb70\springdoc-openapi-starter-webmvc-ui-2.2.0.jar;C:\Users\c\.gradle\caches\modules-2\files-2.1\org.springdoc\springdoc-openapi-starter-webmvc-api\2.2.0\3a7a3a7ecd2537203961d83cabc6d642f294ddb\springdoc-openapi-starter-webmvc-api-2.2.0.jar;C:\Users\c\.gradle\caches\modules-2\files-2.1\org.springdoc\springdoc-openapi-starter-common\2.2.0\352343daae911b5d95c718c4a3c461cf94b4707b\springdoc-openapi-starter-common-2.2.0.jar;C:\Users\c\.gradle\caches\modules-2\files-2.1\io.swagger.core.v3\swagger-core-jakarta\2.2.15\6c85064b85f895b7f0c0819d950995274c0931a4\swagger-core-jakarta-2.2.15.jar;C:\Users\c\.gradle\caches\modules-2\files-2.1\com.fasterxml.jackson.datatype\jackson-datatype-jsr310\2.15.2\30d16ec2aef6d8094c5e2dce1d95034ca8b6cb42\jackson-datatype-jsr310-2.15.2.jar;C:\Users\c\.gradle\caches\modules-2\files-2.1\com.fasterxml.jackson.dataformat\jackson-dataformat-yaml\2.15.2\58194ff9f51915ad6bf6b6f24818232d7566418a\jackson-dataformat-yaml-2.15.2.jar;C:\Users\c\.gradle\caches\modules-2\files-2.1\com.fasterxml.jackson.core\jackson-databind\2.15.2\9353b021f10c307c00328f52090de2bdb4b6ff9c\jackson-databind-2.15.2.jar;C:\Users\c\.gradle\caches\modules-2\files-2.1\com.fasterxml.jackson.core\jackson-core\2.15.2\a6fe1836469a69b3ff66037c324d75fc66ef137c\jackson-core-2.15.2.jar;C:\Users\c\.gradle\caches\modules-2\files-2.1\io.swagger.core.v3\swagger-models-jakarta\2.2.15\664bc63998b703b3e695a00f502f6091b8c7815f\swagger-models-jakarta-2.2.15.jar;C:\Users\c\.gradle\caches\modules-2\files-2.1\com.fasterxml.jackson.core\jackson-annotations\2.15.2\4724a65ac8e8d156a24898d50fd5dbd3642870b8\jackson-annotations-2.15.2.jar;C:\Users\c\.gradle\caches\modules-2\files-2.1\com.fasterxml.jackson.module\jackson-module-parameter-names\2.15.2\75f8d2788db20f6c587c7a19e94fb6248c314241\jackson-module-parameter-names-2.15.2.jar;C:\Users\c\.gradle\caches\modules-2\files-2.1\io.swagger.core.v3\swagger-annotations-jakarta\2.2.15\951eda18dbce0397347056aceff38d02710ec866\swagger-annotations-jakarta-2.2.15.jar;C:\Users\c\.gradle\caches\modules-2\files-2.1\io.jsonwebtoken\jjwt-impl\0.11.5\40a599f0e8a8e4e0701596fbb15e67bfda64fdf0\jjwt-impl-0.11.5.jar;C:\Users\c\.gradle\caches\modules-2\files-2.1\io.jsonwebtoken\jjwt-api\0.11.5\f742940045619d06383e7df37b21ac422b476cf1\jjwt-api-0.11.5.jar;C:\Users\c\.gradle\caches\modules-2\files-2.1\com.mysql\mysql-connector-j\8.0.33\9e64d997873abc4318620264703d3fdb6b02dd5a\mysql-connector-j-8.0.33.jar;C:\Users\c\.gradle\caches\modules-2\files-2.1\org.springframework\spring-webmvc\6.0.12\c7cf897d23da555a20e570d170f8f1541b04564d\spring-webmvc-6.0.12.jar;C:\Users\c\.gradle\caches\modules-2\files-2.1\org.springframework\spring-webflux\6.0.12\d218ccd0f6c1f656a33064ee3bd0bdb841535e6a\spring-webflux-6.0.12.jar;C:\Users\c\.gradle\caches\modules-2\files-2.1\org.springframework.security\spring-security-web\6.1.4\74695832c5ae5d1e2f363ae4b7e92aaaa2c13cbb\spring-security-web-6.1.4.jar;C:\Users\c\.gradle\caches\modules-2\files-2.1\org.springframework\spring-web\6.0.12\89a20bbd7c1f973dc246b1d790b34e0b3e28e74d\spring-web-6.0.12.jar;C:\Users\c\.gradle\caches\modules-2\files-2.1\org.springframework.security\spring-security-config\6.1.4\912305160277572d89e2378f59eb1a4275d81c0c\spring-security-config-6.1.4.jar;C:\Users\c\.gradle\caches\modules-2\files-2.1\org.springframework.data\spring-data-jpa\3.1.4\c51bbed97c35a0c6abced4854db85a5a5b216540\spring-data-jpa-3.1.4.jar;C:\Users\c\.gradle\caches\modules-2\files-2.1\org.springframework.batch\spring-batch-core\5.0.3\95e97bf0a05b04f1758d8136be99bc08ab6e1a28\spring-batch-core-5.0.3.jar;C:\Users\c\.gradle\caches\modules-2\files-2.1\org.springframework.data\spring-data-redis\3.1.4\df5b688cf2546893affa55b52643dbf50accf385\spring-data-redis-3.1.4.jar;C:\Users\c\.gradle\caches\modules-2\files-2.1\org.springframework.boot\spring-boot-autoconfigure\3.1.4\ae53253f6330787f8b77a13aa90d6514597a20d0\spring-boot-autoconfigure-3.1.4.jar;C:\Users\c\.gradle\caches\modules-2\files-2.1\org.springframework.boot\spring-boot-actuator\3.1.4\ead74aababbdb6e22f50c2ea315074053b884233\spring-boot-actuator-3.1.4.jar;C:\Users\c\.gradle\caches\modules-2\files-2.1\org.springframework.boot\spring-boot\3.1.4\7a0a6349e28227a93f2b4efde897e87b3343bf3a\spring-boot-3.1.4.jar;C:\Users\c\.gradle\caches\modules-2\files-2.1\org.springframework.security\spring-security-core\6.1.4\dd128f5478ae7856d61a17f8bd65adab02b99400\spring-security-core-6.1.4.jar;C:\Users\c\.gradle\caches\modules-2\files-2.1\org.springframework.data\spring-data-keyvalue\3.1.4\5fbe70169e0439b75cd3657c91f3b99ca5c513e5\spring-data-keyvalue-3.1.4.jar;C:\Users\c\.gradle\caches\modules-2\files-2.1\org.springframework\spring-context-support\6.0.12\6225f907b13d5a2240af91e354d71163d41b0307\spring-context-support-6.0.12.jar;C:\Users\c\.gradle\caches\modules-2\files-2.1\org.springframework\spring-context\6.0.12\f1964518e07796b2fdc1b9be2108485ffe1b4566\spring-context-6.0.12.jar;C:\Users\c\.gradle\caches\modules-2\files-2.1\org.springframework\spring-aop\6.0.12\ba7ecdbdc2abaf172d49692b8110f65ecd2d250c\spring-aop-6.0.12.jar;C:\Users\c\.gradle\caches\modules-2\files-2.1\org.springframework\spring-aspects\6.0.12\f9f903318add53a20c0e33ead1b16abd669543f7\spring-aspects-6.0.12.jar;C:\Users\c\.gradle\caches\modules-2\files-2.1\org.aspectj\aspectjweaver\1.9.20\da562407e43f74c0f8f5f5df4065d85ec1736d01\aspectjweaver-1.9.20.jar;C:\Users\c\.gradle\caches\modules-2\files-2.1\io.micrometer\micrometer-core\1.11.4\d06b3849b02a3743404ce17b1dd989e3a9ba7221\micrometer-core-1.11.4.jar;C:\Users\c\.gradle\caches\modules-2\files-2.1\io.micrometer\micrometer-observation\1.11.4\1aa2f6ba1dae42c403543bd14ea5f302d7ed6d85\micrometer-observation-1.11.4.jar;C:\Users\c\.gradle\caches\modules-2\files-2.1\org.hibernate.orm\hibernate-core\6.2.9.Final\a24ca4a5c003b6d0d9e005c6226f84cf4169bfeb\hibernate-core-6.2.9.Final.jar;C:\Users\c\.gradle\caches\modules-2\files-2.1\org.apache.poi\poi\5.2.5\7e00f6b2f76375fe89022d5a7db8acb71cbd55f5\poi-5.2.5.jar;C:\Users\c\.gradle\caches\modules-2\files-2.1\org.apache.poi\poi-ooxml-lite\5.2.5\eaa61452d8f0d13080fbb4757a392f09f90e4c49\poi-ooxml-lite-5.2.5.jar;C:\Users\c\.gradle\caches\modules-2\files-2.1\org.apache.xmlbeans\xmlbeans\5.2.0\6198ac997b3f234f2b5393fa415f78fac2e06510\xmlbeans-5.2.0.jar;C:\Users\c\.gradle\caches\modules-2\files-2.1\org.apache.commons\commons-compress\1.25.0\9d35aec423da6c8a7f93d7e9e1c6b1d9fe14bb5e\commons-compress-1.25.0.jar;C:\Users\c\.gradle\caches\modules-2\files-2.1\commons-io\commons-io\2.15.0\5c3c2db10f6f797430a7f9c696b4d1273768c924\commons-io-2.15.0.jar;C:\Users\c\.gradle\caches\modules-2\files-2.1\com.github.virtuald\curvesapi\1.08\3d3d36568154059825089b289dcfca481fe44e2c\curvesapi-1.08.jar;C:\Users\c\.gradle\caches\modules-2\files-2.1\org.apache.logging.log4j\log4j-to-slf4j\2.20.0\d37f81f8978e2672bc32c82712ab4b3f66624adc\log4j-to-slf4j-2.20.0.jar;C:\Users\c\.gradle\caches\modules-2\files-2.1\org.apache.logging.log4j\log4j-api\2.20.0\1fe6082e660daf07c689a89c94dc0f49c26b44bb\log4j-api-2.20.0.jar;C:\Users\c\.gradle\caches\modules-2\files-2.1\org.apache.commons\commons-collections4\4.4\62ebe7544cb7164d87e0637a2a6a2bdc981395e8\commons-collections4-4.4.jar;C:\Users\c\.gradle\caches\modules-2\files-2.1\org.webjars\swagger-ui\5.2.0\c48d665a3f3a5d73afa34982953d3c31acc1d1dd\swagger-ui-5.2.0.jar;C:\Users\c\.gradle\caches\modules-2\files-2.1\io.lettuce\lettuce-core\6.2.6.RELEASE\4d1c1700a271903b15384bf90c28471d750420ec\lettuce-core-6.2.6.RELEASE.jar;C:\Users\c\.gradle\caches\modules-2\files-2.1\org.apache.tomcat.embed\tomcat-embed-el\10.1.13\22c8845f7528334905c582e48a3eeefab616b0a5\tomcat-embed-el-10.1.13.jar;C:\Users\c\.gradle\caches\modules-2\files-2.1\org.hibernate.validator\hibernate-validator\8.0.1.Final\e49e116b3d3928060599b176b3538bb848718e95\hibernate-validator-8.0.1.Final.jar;C:\Users\c\.gradle\caches\modules-2\files-2.1\org.apache.commons\commons-text\1.10.0\3363381aef8cef2dbc1023b3e3a9433b08b64e01\commons-text-1.10.0.jar;C:\Users\c\.gradle\caches\modules-2\files-2.1\jakarta.annotation\jakarta.annotation-api\2.1.1\48b9bda22b091b1f48b13af03fe36db3be6e1ae3\jakarta.annotation-api-2.1.1.jar;C:\Users\c\.gradle\caches\modules-2\files-2.1\org.springframework\spring-orm\6.0.12\174d73f69d878fd7ddeef9a25213d8932692a768\spring-orm-6.0.12.jar;C:\Users\c\.gradle\caches\modules-2\files-2.1\org.springframework\spring-jdbc\6.0.12\cf14ce5078ab4b69b760ac91b2b9f23dab1e4457\spring-jdbc-6.0.12.jar;C:\Users\c\.gradle\caches\modules-2\files-2.1\org.springframework.data\spring-data-commons\3.1.4\7b16d91221c7f9492f63a99e97a1d907f6bf540c\spring-data-commons-3.1.4.jar;C:\Users\c\.gradle\caches\modules-2\files-2.1\org.springframework\spring-tx\6.0.12\b4e997baac7dd14593f3e4f815e3646279e9a63f\spring-tx-6.0.12.jar;C:\Users\c\.gradle\caches\modules-2\files-2.1\org.springframework\spring-oxm\6.0.12\e5f6a5169284a237f19091e8acf100fba97eec07\spring-oxm-6.0.12.jar;C:\Users\c\.gradle\caches\modules-2\files-2.1\org.springframework\spring-beans\6.0.12\dfa53afbf1ab65f36c60333443ed1109ed331504\spring-beans-6.0.12.jar;C:\Users\c\.gradle\caches\modules-2\files-2.1\org.springframework\spring-expression\6.0.12\9283ad418f06f918e834b1981998a5f62a05b355\spring-expression-6.0.12.jar;C:\Users\c\.gradle\caches\modules-2\files-2.1\org.springframework.batch\spring-batch-infrastructure\5.0.3\551c4bfc2c79259eff67e3e03ad7c40f5ce80ec1\spring-batch-infrastructure-5.0.3.jar;C:\Users\c\.gradle\caches\modules-2\files-2.1\org.springframework\spring-core\6.0.12\a55e70359371b03ee29dacd75c3b40d0baf3a656\spring-core-6.0.12.jar;C:\Users\c\.gradle\caches\modules-2\files-2.1\org.yaml\snakeyaml\1.33\2cd0a87ff7df953f810c344bdf2fe3340b954c69\snakeyaml-1.33.jar;C:\Users\c\.gradle\caches\modules-2\files-2.1\org.apache.tomcat.embed\tomcat-embed-websocket\10.1.13\540a79df9699435e4f7cb8983daab272d29d093f\tomcat-embed-websocket-10.1.13.jar;C:\Users\c\.gradle\caches\modules-2\files-2.1\org.apache.tomcat.embed\tomcat-embed-core\10.1.13\6909967f2ed6c323108c2cc7f20586d6f7eb6455\tomcat-embed-core-10.1.13.jar;C:\Users\c\.gradle\caches\modules-2\files-2.1\io.projectreactor.netty\reactor-netty-http\1.1.11\c9397212cfbfd4755026dcc5d048adf48819464\reactor-netty-http-1.1.11.jar;C:\Users\c\.gradle\caches\modules-2\files-2.1\io.projectreactor.netty\reactor-netty-core\1.1.11\2cefe0af4adfb4044ada513a97858c8654ee3351\reactor-netty-core-1.1.11.jar;C:\Users\c\.gradle\caches\modules-2\files-2.1\io.projectreactor\reactor-core\3.5.10\b2d043508fbc0190bfb63eea1b33551f48a8c32b\reactor-core-3.5.10.jar;C:\Users\c\.gradle\caches\modules-2\files-2.1\io.micrometer\micrometer-commons\1.11.4\6dfbbc07ecad294bffacff0648d6eaa4de78f332\micrometer-commons-1.11.4.jar;C:\Users\c\.gradle\caches\modules-2\files-2.1\org.hdrhistogram\HdrHistogram\2.1.12\6eb7552156e0d517ae80cc2247be1427c8d90452\HdrHistogram-2.1.12.jar;C:\Users\c\.gradle\caches\modules-2\files-2.1\org.latencyutils\LatencyUtils\2.0.3\769c0b82cb2421c8256300e907298a9410a2a3d3\LatencyUtils-2.0.3.jar;C:\Users\c\.gradle\caches\modules-2\files-2.1\com.zaxxer\HikariCP\5.0.1\a74c7f0a37046846e88d54f7cb6ea6d565c65f9c\HikariCP-5.0.1.jar;C:\Users\c\.gradle\caches\modules-2\files-2.1\jakarta.persistence\jakarta.persistence-api\3.1.0\66901fa1c373c6aff65c13791cc11da72060a8d6\jakarta.persistence-api-3.1.0.jar;C:\Users\c\.gradle\caches\modules-2\files-2.1\jakarta.transaction\jakarta.transaction-api\2.0.1\51a520e3fae406abb84e2e1148e6746ce3f80a1a\jakarta.transaction-api-2.0.1.jar;C:\Users\c\.gradle\caches\modules-2\files-2.1\org.jboss.logging\jboss-logging\3.5.3.Final\c88fc1d8a96d4c3491f55d4317458ccad53ca663\jboss-logging-3.5.3.Final.jar;C:\Users\c\.gradle\caches\modules-2\files-2.1\org.hibernate.common\hibernate-commons-annotations\6.0.6.Final\77a5f94b56d49508e0ee334751db5b78e5ccd50c\hibernate-commons-annotations-6.0.6.Final.jar;C:\Users\c\.gradle\caches\modules-2\files-2.1\io.smallrye\jandex\3.0.5\c548a4871b552292dbdd65409d3fda145c8925c1\jandex-3.0.5.jar;C:\Users\c\.gradle\caches\modules-2\files-2.1\com.fasterxml\classmate\1.5.1\3fe0bed568c62df5e89f4f174c101eab25345b6c\classmate-1.5.1.jar;C:\Users\c\.gradle\caches\modules-2\files-2.1\net.bytebuddy\byte-buddy\1.14.8\505d7d8937ff00cc55db79723e26c94069b87d66\byte-buddy-1.14.8.jar;C:\Users\c\.gradle\caches\modules-2\files-2.1\org.glassfish.jaxb\jaxb-runtime\4.0.3\93af25be25b2c92c83e0ce61cb8b3ed23568f316\jaxb-runtime-4.0.3.jar;C:\Users\c\.gradle\caches\modules-2\files-2.1\org.glassfish.jaxb\jaxb-core\4.0.3\e9093b4a82069a1d78ee9a3233ca387bca88861f\jaxb-core-4.0.3.jar;C:\Users\c\.gradle\caches\modules-2\files-2.1\jakarta.xml.bind\jakarta.xml.bind-api\4.0.1\ca2330866cbc624c7e5ce982e121db1125d23e15\jakarta.xml.bind-api-4.0.1.jar;C:\Users\c\.gradle\caches\modules-2\files-2.1\jakarta.inject\jakarta.inject-api\2.0.1\4c28afe1991a941d7702fe1362c365f0a8641d1e\jakarta.inject-api-2.0.1.jar;C:\Users\c\.gradle\caches\modules-2\files-2.1\org.antlr\antlr4-runtime\4.10.1\10839f875928f59c622d675091d51a43ea0dc5f7\antlr4-runtime-4.10.1.jar;C:\Users\c\.gradle\caches\modules-2\files-2.1\ch.qos.logback\logback-classic\1.4.11\54450c0c783e896a1a6d88c043bd2f1daba1c382\logback-classic-1.4.11.jar;C:\Users\c\.gradle\caches\modules-2\files-2.1\org.slf4j\jul-to-slf4j\2.0.9\9ef7c70b248185845f013f49a33ff9ca65b7975\jul-to-slf4j-2.0.9.jar;C:\Users\c\.gradle\caches\modules-2\files-2.1\org.slf4j\slf4j-api\2.0.9\7cf2726fdcfbc8610f9a71fb3ed639871f315340\slf4j-api-2.0.9.jar;C:\Users\c\.gradle\caches\modules-2\files-2.1\commons-codec\commons-codec\1.15\49d94806b6e3dc933dacbd8acb0fdbab8ebd1e5d\commons-codec-1.15.jar;C:\Users\c\.gradle\caches\modules-2\files-2.1\org.apache.commons\commons-math3\3.6.1\e4ba98f1d4b3c80ec46392f25e094a6a2e58fcbf\commons-math3-3.6.1.jar;C:\Users\c\.gradle\caches\modules-2\files-2.1\com.zaxxer\SparseBitSet\1.3\533eac055afe3d5f614ea95e333afd6c2bde8f26\SparseBitSet-1.3.jar;C:\Users\c\.gradle\caches\modules-2\files-2.1\io.netty\netty-resolver-dns-native-macos\4.1.97.Final\35a44e98cda1fec620dc336c6f8b3f44fa9b654d\netty-resolver-dns-native-macos-4.1.97.Final-osx-x86_64.jar;C:\Users\c\.gradle\caches\modules-2\files-2.1\io.netty\netty-resolver-dns-classes-macos\4.1.97.Final\2d42d18c6aca0774940a09a939f7f735b3d56e0a\netty-resolver-dns-classes-macos-4.1.97.Final.jar;C:\Users\c\.gradle\caches\modules-2\files-2.1\io.netty\netty-resolver-dns\4.1.97.Final\2c50f835777ecd4535e15b552b5d9ccb26a2504f\netty-resolver-dns-4.1.97.Final.jar;C:\Users\c\.gradle\caches\modules-2\files-2.1\io.netty\netty-codec-http2\4.1.97.Final\893888d09a7bef0d0ba973d7471943e765d0fd08\netty-codec-http2-4.1.97.Final.jar;C:\Users\c\.gradle\caches\modules-2\files-2.1\io.netty\netty-handler-proxy\4.1.97.Final\a99ecef0e1d86a92e40a7c89805c236d9cd7493e\netty-handler-proxy-4.1.97.Final.jar;C:\Users\c\.gradle\caches\modules-2\files-2.1\io.netty\netty-codec-http\4.1.97.Final\af78acec783ffd77c63d8aeecc21041fd39ac54f\netty-codec-http-4.1.97.Final.jar;C:\Users\c\.gradle\caches\modules-2\files-2.1\io.netty\netty-handler\4.1.97.Final\abb86c6906bf512bf2b797a41cd7d2e8d3cd7c36\netty-handler-4.1.97.Final.jar;C:\Users\c\.gradle\caches\modules-2\files-2.1\io.netty\netty-codec-dns\4.1.97.Final\d266d079ef33cf93a16b382d64dd15d562df1159\netty-codec-dns-4.1.97.Final.jar;C:\Users\c\.gradle\caches\modules-2\files-2.1\io.netty\netty-codec-socks\4.1.97.Final\30e8fa29a349db5a933225d61891b8802836bb79\netty-codec-socks-4.1.97.Final.jar;C:\Users\c\.gradle\caches\modules-2\files-2.1\io.netty\netty-codec\4.1.97.Final\384ba4d75670befbedb45c4d3b497a93639c206d\netty-codec-4.1.97.Final.jar;C:\Users\c\.gradle\caches\modules-2\files-2.1\io.netty\netty-transport-native-epoll\4.1.97.Final\54188f271e388e7f313aea995e82f58ce2cdb809\netty-transport-native-epoll-4.1.97.Final-linux-x86_64.jar;C:\Users\c\.gradle\caches\modules-2\files-2.1\io.netty\netty-transport-classes-epoll\4.1.97.Final\795da37ded759e862457a82d9d92c4d39ce8ecee\netty-transport-classes-epoll-4.1.97.Final.jar;C:\Users\c\.gradle\caches\modules-2\files-2.1\io.netty\netty-transport-native-unix-common\4.1.97.Final\d469d84265ab70095b01b40886cabdd433b6e664\netty-transport-native-unix-common-4.1.97.Final.jar;C:\Users\c\.gradle\caches\modules-2\files-2.1\io.netty\netty-transport\4.1.97.Final\f37380d23c9bb079bc702910833b2fd532c9abd0\netty-transport-4.1.97.Final.jar;C:\Users\c\.gradle\caches\modules-2\files-2.1\io.netty\netty-buffer\4.1.97.Final\f8f3d8644afa5e6e1a40a3a6aeb9d9aa970ecb4f\netty-buffer-4.1.97.Final.jar;C:\Users\c\.gradle\caches\modules-2\files-2.1\io.netty\netty-resolver\4.1.97.Final\cec8348108dc76c47cf87c669d514be52c922144\netty-resolver-4.1.97.Final.jar;C:\Users\c\.gradle\caches\modules-2\files-2.1\io.netty\netty-common\4.1.97.Final\7cceacaf11df8dc63f23d0fb58e9d4640fc88404\netty-common-4.1.97.Final.jar;C:\Users\c\.gradle\caches\modules-2\files-2.1\javax.cache\cache-api\1.1.1\c56fb980eb5208bfee29a9a5b9d951aba076bd91\cache-api-1.1.1.jar;C:\Users\c\.gradle\caches\modules-2\files-2.1\io.reactivex.rxjava3\rxjava\3.1.7\3b2593157a6e7b50cd812a126e6859c5654e6666\rxjava-3.1.7.jar;C:\Users\c\.gradle\caches\modules-2\files-2.1\org.reactivestreams\reactive-streams\1.0.4\3864a1320d97d7b045f729a326e1e077661f31b7\reactive-streams-1.0.4.jar;C:\Users\c\.gradle\caches\modules-2\files-2.1\org.jboss.marshalling\jboss-marshalling-river\2.0.11.Final\d05ee25288b94c93c10e1d8b726305898c4fd5bf\jboss-marshalling-river-2.0.11.Final.jar;C:\Users\c\.gradle\caches\modules-2\files-2.1\org.jboss.marshalling\jboss-marshalling\2.0.11.Final\d21ac137e4ab8cff5c7b66445bd03e682d865136\jboss-marshalling-2.0.11.Final.jar;C:\Users\c\.gradle\caches\modules-2\files-2.1\com.esotericsoftware\kryo\5.5.0\29ae74e3929c8e0c8239a490f5d21ca8c97ba379\kryo-5.5.0.jar;C:\Users\c\.gradle\caches\modules-2\files-2.1\org.jodd\jodd-bean\5.1.6\5cbb398dda5c36908b123e98c373d3c1ef72f717\jodd-bean-5.1.6.jar;C:\Users\c\.gradle\caches\modules-2\files-2.1\jakarta.validation\jakarta.validation-api\3.0.2\92b6631659ba35ca09e44874d3eb936edfeee532\jakarta.validation-api-3.0.2.jar;C:\Users\c\.gradle\caches\modules-2\files-2.1\org.apache.commons\commons-lang3\3.12.0\c6842c86792ff03b9f1d1fe2aab8dc23aa6c6f0e\commons-lang3-3.12.0.jar;C:\Users\c\.gradle\caches\modules-2\files-2.1\org.springframework\spring-jcl\6.0.12\44a1d1d105063d4eb9c5dc705245ef6fa4162520\spring-jcl-6.0.12.jar;C:\Users\c\.gradle\caches\modules-2\files-2.1\org.springframework.security\spring-security-crypto\6.1.4\cc64beef9eb38993b6c3d46a633bef25700742e\spring-security-crypto-6.1.4.jar;C:\Users\c\.gradle\caches\modules-2\files-2.1\org.eclipse.angus\angus-activation\2.0.1\eaafaf4eb71b400e4136fc3a286f50e34a68ecb7\angus-activation-2.0.1.jar;C:\Users\c\.gradle\caches\modules-2\files-2.1\jakarta.activation\jakarta.activation-api\2.1.2\640c0d5aff45dbff1e1a1bc09673ff3a02b1ba12\jakarta.activation-api-2.1.2.jar;C:\Users\c\.gradle\caches\modules-2\files-2.1\org.springframework.retry\spring-retry\2.0.3\4bd76e84c4c5225f9313f80c1cbfef7c608128d3\spring-retry-2.0.3.jar;C:\Users\c\.gradle\caches\modules-2\files-2.1\com.esotericsoftware\reflectasm\1.11.9\fd51ad1705d5e27d8785550172a4ab0cb9b8ad23\reflectasm-1.11.9.jar;C:\Users\c\.gradle\caches\modules-2\files-2.1\org.objenesis\objenesis\3.3\1049c09f1de4331e8193e579448d0916d75b7631\objenesis-3.3.jar;C:\Users\c\.gradle\caches\modules-2\files-2.1\com.esotericsoftware\minlog\1.3.1\a406e29d3a44d5f020d7b3218aee6d0952db4f73\minlog-1.3.1.jar;C:\Users\c\.gradle\caches\modules-2\files-2.1\org.jodd\jodd-core\5.1.6\7e3904364d0891b58a958c47336d35518084ddec\jodd-core-5.1.6.jar;C:\Users\c\.gradle\caches\modules-2\files-2.1\ch.qos.logback\logback-core\1.4.11\2f9f280219a9922a74200eaf7138c4c17fb87c0f\logback-core-1.4.11.jar;C:\Users\c\.gradle\caches\modules-2\files-2.1\org.glassfish.jaxb\txw2\4.0.3\47b8fe31c6d1a3382203af919400527389e01e9c\txw2-4.0.3.jar;C:\Users\c\.gradle\caches\modules-2\files-2.1\com.sun.istack\istack-commons-runtime\4.1.2\18ec117c85f3ba0ac65409136afa8e42bc74e739\istack-commons-runtime-4.1.2.jar com.example.demo.DemoApplication
Successfully started process 'command 'C:\developer\java\jdk-21.0.7+6\bin\java.exe''

  .   ____          _            __ _ _
 /\\ / ___'_ __ _ _(_)_ __  __ _ \ \ \ \
( ( )\___ | '_ | '_| | '_ \/ _` | \ \ \ \
 \\/  ___)| |_)| | | | | || (_| |  ) ) ) )
  '  |____| .__|_| |_|_| |_\__, | / / / /
 =========|_|==============|___/=/_/_/_/
 :: Spring Boot ::                (v3.1.4)

[2026-03-06 09:56:20.442] [INFO ] [background-preinit] o.h.validator.internal.util.Version - HV000001: Hibernate Validator 8.0.1.Final
[2026-03-06 09:56:20.464] [INFO ] [main] com.example.demo.DemoApplication - Starting DemoApplication using Java 21.0.7 with PID 15848 (C:\developer\workspace\test\20260213\backend\build\classes\java\main started by c in C:\developer\workspace\test\20260213\backend)
[2026-03-06 09:56:20.464] [INFO ] [main] com.example.demo.DemoApplication - The following 1 profile is active: "local"
[2026-03-06 09:56:20.884] [INFO ] [main] o.s.b.c.c.annotation.BatchRegistrar - Finished Spring Batch infrastructure beans configuration in 1 ms.
[2026-03-06 09:56:21.129] [INFO ] [main] o.s.d.r.c.RepositoryConfigurationDelegate - Multiple Spring Data modules found, entering strict repository configuration mode
[2026-03-06 09:56:21.130] [INFO ] [main] o.s.d.r.c.RepositoryConfigurationDelegate - Bootstrapping Spring Data JPA repositories in DEFAULT mode.
[2026-03-06 09:56:21.303] [INFO ] [main] o.s.d.r.c.RepositoryConfigurationDelegate - Finished Spring Data repository scanning in 169 ms. Found 8 JPA repository interfaces.
[2026-03-06 09:56:21.310] [INFO ] [main] o.s.d.r.c.RepositoryConfigurationDelegate - Multiple Spring Data modules found, entering strict repository configuration mode
[2026-03-06 09:56:21.311] [INFO ] [main] o.s.d.r.c.RepositoryConfigurationDelegate - Bootstrapping Spring Data Redis repositories in DEFAULT mode.
[2026-03-06 09:56:21.320] [INFO ] [main] o.s.d.r.c.RepositoryConfigurationExtensionSupport - Spring Data Redis - Could not safely identify store assignment for repository candidate interface com.example.demo.repository.BatchJobDefinitionRepository; If you want this repository to be a Redis repository, consider annotating your entities with one of these annotations: org.springframework.data.redis.core.RedisHash (preferred), or consider extending one of the following types with your repository: org.springframework.data.keyvalue.repository.KeyValueRepository
[2026-03-06 09:56:21.320] [INFO ] [main] o.s.d.r.c.RepositoryConfigurationExtensionSupport - Spring Data Redis - Could not safely identify store assignment for repository candidate interface com.example.demo.repository.BoardReactionRepository; If you want this repository to be a Redis repository, consider annotating your entities with one of these annotations: org.springframework.data.redis.core.RedisHash (preferred), or consider extending one of the following types with your repository: org.springframework.data.keyvalue.repository.KeyValueRepository
[2026-03-06 09:56:21.320] [INFO ] [main] o.s.d.r.c.RepositoryConfigurationExtensionSupport - Spring Data Redis - Could not safely identify store assignment for repository candidate interface com.example.demo.repository.BoardRepository; If you want this repository to be a Redis repository, consider annotating your entities with one of these annotations: org.springframework.data.redis.core.RedisHash (preferred), or consider extending one of the following types with your repository: org.springframework.data.keyvalue.repository.KeyValueRepository
[2026-03-06 09:56:21.320] [INFO ] [main] o.s.d.r.c.RepositoryConfigurationExtensionSupport - Spring Data Redis - Could not safely identify store assignment for repository candidate interface com.example.demo.repository.CommentReactionRepository; If you want this repository to be a Redis repository, consider annotating your entities with one of these annotations: org.springframework.data.redis.core.RedisHash (preferred), or consider extending one of the following types with your repository: org.springframework.data.keyvalue.repository.KeyValueRepository
[2026-03-06 09:56:21.320] [INFO ] [main] o.s.d.r.c.RepositoryConfigurationExtensionSupport - Spring Data Redis - Could not safely identify store assignment for repository candidate interface com.example.demo.repository.CommentRepository; If you want this repository to be a Redis repository, consider annotating your entities with one of these annotations: org.springframework.data.redis.core.RedisHash (preferred), or consider extending one of the following types with your repository: org.springframework.data.keyvalue.repository.KeyValueRepository
[2026-03-06 09:56:21.320] [INFO ] [main] o.s.d.r.c.RepositoryConfigurationExtensionSupport - Spring Data Redis - Could not safely identify store assignment for repository candidate interface com.example.demo.repository.MemberRepository; If you want this repository to be a Redis repository, consider annotating your entities with one of these annotations: org.springframework.data.redis.core.RedisHash (preferred), or consider extending one of the following types with your repository: org.springframework.data.keyvalue.repository.KeyValueRepository
[2026-03-06 09:56:21.320] [INFO ] [main] o.s.d.r.c.RepositoryConfigurationExtensionSupport - Spring Data Redis - Could not safely identify store assignment for repository candidate interface com.example.demo.repository.RegisteredAppRepository; If you want this repository to be a Redis repository, consider annotating your entities with one of these annotations: org.springframework.data.redis.core.RedisHash (preferred), or consider extending one of the following types with your repository: org.springframework.data.keyvalue.repository.KeyValueRepository
[2026-03-06 09:56:21.320] [INFO ] [main] o.s.d.r.c.RepositoryConfigurationExtensionSupport - Spring Data Redis - Could not safely identify store assignment for repository candidate interface com.example.demo.repository.SeatRepository; If you want this repository to be a Redis repository, consider annotating your entities with one of these annotations: org.springframework.data.redis.core.RedisHash (preferred), or consider extending one of the following types with your repository: org.springframework.data.keyvalue.repository.KeyValueRepository
[2026-03-06 09:56:21.320] [INFO ] [main] o.s.d.r.c.RepositoryConfigurationDelegate - Finished Spring Data repository scanning in 4 ms. Found 0 Redis repository interfaces.
[2026-03-06 09:56:21.698] [INFO ] [main] o.s.b.w.e.tomcat.TomcatWebServer - Tomcat initialized with port(s): 8081 (http)
[2026-03-06 09:56:21.702] [INFO ] [main] o.a.coyote.http11.Http11NioProtocol - Initializing ProtocolHandler ["http-nio-8081"]
[2026-03-06 09:56:21.703] [INFO ] [main] o.a.catalina.core.StandardService - Starting service [Tomcat]
[2026-03-06 09:56:21.703] [INFO ] [main] o.a.catalina.core.StandardEngine - Starting Servlet engine: [Apache Tomcat/10.1.13]
[2026-03-06 09:56:21.765] [INFO ] [main] o.a.c.c.C.[Tomcat].[localhost].[/] - Initializing Spring embedded WebApplicationContext
[2026-03-06 09:56:21.765] [INFO ] [main] o.s.b.w.s.c.ServletWebServerApplicationContext - Root WebApplicationContext: initialization completed in 1271 ms
[2026-03-06 09:56:21.896] [INFO ] [main] o.h.jpa.internal.util.LogHelper - HHH000204: Processing PersistenceUnitInfo [name: default]
[2026-03-06 09:56:21.926] [INFO ] [main] org.hibernate.Version - HHH000412: Hibernate ORM core version 6.2.9.Final
[2026-03-06 09:56:21.928] [INFO ] [main] org.hibernate.cfg.Environment - HHH000406: Using bytecode reflection optimizer
[2026-03-06 09:56:22.010] [INFO ] [main] o.h.b.i.BytecodeProviderInitiator - HHH000021: Bytecode provider name : bytebuddy
[2026-03-06 09:56:22.096] [INFO ] [main] o.s.o.j.p.SpringPersistenceUnitInfo - No LoadTimeWeaver setup: ignoring JPA class transformer
[2026-03-06 09:56:22.107] [INFO ] [main] com.zaxxer.hikari.HikariDataSource - HikariPool-1 - Starting...
[2026-03-06 09:56:22.299] [INFO ] [main] com.zaxxer.hikari.pool.HikariPool - HikariPool-1 - Added connection com.mysql.cj.jdbc.ConnectionImpl@32e5fb4c
[2026-03-06 09:56:22.300] [INFO ] [main] com.zaxxer.hikari.HikariDataSource - HikariPool-1 - Start completed.
[2026-03-06 09:56:22.502] [INFO ] [main] o.h.b.i.BytecodeProviderInitiator - HHH000021: Bytecode provider name : bytebuddy
[2026-03-06 09:56:23.055] [INFO ] [main] o.h.e.t.j.p.i.JtaPlatformInitiator - HHH000490: Using JtaPlatform implementation: [org.hibernate.engine.transaction.jta.platform.internal.NoJtaPlatform]
[2026-03-06 09:56:23.136] [INFO ] [main] o.s.o.j.LocalContainerEntityManagerFactoryBean - Initialized JPA EntityManagerFactory for persistence unit 'default'
[2026-03-06 09:56:23.607] [INFO ] [main] o.s.b.c.r.s.JobRepositoryFactoryBean - No database type set, using meta data indicating: MYSQL
[2026-03-06 09:56:23.919] [INFO ] [main] org.redisson.Version - Redisson 3.24.3
[2026-03-06 09:56:24.235] [INFO ] [redisson-netty-2-5] o.r.c.p.MasterPubSubConnectionPool - 1 connections initialized for localhost/127.0.0.1:6379
[2026-03-06 09:56:24.307] [INFO ] [redisson-netty-2-20] o.r.c.pool.MasterConnectionPool - 24 connections initialized for localhost/127.0.0.1:6379
[2026-03-06 09:56:24.623] [WARN ] [main] o.s.b.a.o.j.JpaBaseConfiguration$JpaWebConfiguration - spring.jpa.open-in-view is enabled by default. Therefore, database queries may be performed during view rendering. Explicitly configure spring.jpa.open-in-view to disable this warning
[2026-03-06 09:56:25.051] [INFO ] [main] o.s.b.a.e.web.EndpointLinksResolver - Exposing 13 endpoint(s) beneath base path '/actuator'
[2026-03-06 09:56:25.116] [INFO ] [main] o.s.s.web.DefaultSecurityFilterChain - Will secure any request with [org.springframework.security.web.session.DisableEncodeUrlFilter@74cf0dd9, org.springframework.security.web.context.request.async.WebAsyncManagerIntegrationFilter@3bb29351, org.springframework.security.web.context.SecurityContextHolderFilter@58c84be1, org.springframework.security.web.header.HeaderWriterFilter@1b717d03, org.springframework.web.filter.CorsFilter@7f2c0470, org.springframework.security.web.authentication.logout.LogoutFilter@6a2cd5ea, com.example.demo.security.JwtAuthenticationFilter@97e9568, org.springframework.security.web.savedrequest.RequestCacheAwareFilter@43dc6864, org.springframework.security.web.servletapi.SecurityContextHolderAwareRequestFilter@3698f2ed, org.springframework.security.web.authentication.AnonymousAuthenticationFilter@992f314, org.springframework.security.web.session.SessionManagementFilter@5a558335, org.springframework.security.web.access.ExceptionTranslationFilter@44bd11a2, org.springframework.security.web.access.intercept.AuthorizationFilter@56e32a23]
[2026-03-06 09:56:25.580] [INFO ] [main] o.a.coyote.http11.Http11NioProtocol - Starting ProtocolHandler ["http-nio-8081"]
[2026-03-06 09:56:25.592] [INFO ] [main] o.s.b.w.e.tomcat.TomcatWebServer - Tomcat started on port(s): 8081 (http) with context path ''
[2026-03-06 09:56:25.606] [INFO ] [main] com.example.demo.DemoApplication - Started DemoApplication in 5.445 seconds (process running for 5.668)
Hibernate: select count(*) from seats s1_0
Hibernate: select b1_0.id,b1_0.created_at,b1_0.cron_expression,b1_0.enabled,b1_0.job_class,b1_0.job_key,b1_0.last_run_at,b1_0.name,b1_0.updated_at from batch_jobs b1_0 where b1_0.enabled
Hibernate: select b1_0.id,b1_0.created_at,b1_0.cron_expression,b1_0.enabled,b1_0.job_class,b1_0.job_key,b1_0.last_run_at,b1_0.name,b1_0.updated_at from batch_jobs b1_0 where b1_0.id=?
Hibernate: select b1_0.id,b1_0.created_at,b1_0.cron_expression,b1_0.enabled,b1_0.job_class,b1_0.job_key,b1_0.last_run_at,b1_0.name,b1_0.updated_at from batch_jobs b1_0 where b1_0.id=?
[2026-03-06 10:00:00.095] [INFO ] [Async-Executor-1] o.s.b.c.l.support.SimpleJobLauncher - Job: [SimpleJob: [name=sampleJobTwo]] launched with the following parameters: [{'requestedAt':'{value=1772758800027, type=class java.lang.Long, identifying=true}','batchJobId':'{value=3, type=class java.lang.Long, identifying=true}','triggerType':'{value=SCHEDULED, type=class java.lang.String, identifying=true}'}]
[2026-03-06 10:00:00.095] [INFO ] [Async-Executor-2] o.s.b.c.l.support.SimpleJobLauncher - Job: [SimpleJob: [name=sampleJob]] launched with the following parameters: [{'requestedAt':'{value=1772758800027, type=class java.lang.Long, identifying=true}','batchJobId':'{value=1, type=class java.lang.Long, identifying=true}','triggerType':'{value=SCHEDULED, type=class java.lang.String, identifying=true}'}]
Hibernate: select b1_0.id,b1_0.created_at,b1_0.cron_expression,b1_0.enabled,b1_0.job_class,b1_0.job_key,b1_0.last_run_at,b1_0.name,b1_0.updated_at from batch_jobs b1_0 where b1_0.id=?
Hibernate: select b1_0.id,b1_0.created_at,b1_0.cron_expression,b1_0.enabled,b1_0.job_class,b1_0.job_key,b1_0.last_run_at,b1_0.name,b1_0.updated_at from batch_jobs b1_0 where b1_0.id=?
Hibernate: update batch_jobs set cron_expression=?,enabled=?,job_class=?,job_key=?,last_run_at=?,name=?,updated_at=? where id=?
Hibernate: update batch_jobs set cron_expression=?,enabled=?,job_class=?,job_key=?,last_run_at=?,name=?,updated_at=? where id=?
[2026-03-06 10:00:00.146] [INFO ] [Async-Executor-1] o.s.batch.core.job.SimpleStepHandler - Executing step: [step1]
[2026-03-06 10:00:00.151] [INFO ] [Async-Executor-2] o.s.batch.core.job.SimpleStepHandler - Executing step: [step1]
Sample batch job executed
Sample batch job executed
[2026-03-06 10:00:00.177] [INFO ] [Async-Executor-1] o.s.batch.core.step.AbstractStep - Step: [step1] executed in 31ms
[2026-03-06 10:00:00.177] [INFO ] [Async-Executor-2] o.s.batch.core.step.AbstractStep - Step: [step1] executed in 25ms
[2026-03-06 10:00:00.199] [INFO ] [Async-Executor-1] o.s.b.c.l.support.SimpleJobLauncher - Job: [SimpleJob: [name=sampleJobTwo]] completed with the following parameters: [{'requestedAt':'{value=1772758800027, type=class java.lang.Long, identifying=true}','batchJobId':'{value=3, type=class java.lang.Long, identifying=true}','triggerType':'{value=SCHEDULED, type=class java.lang.String, identifying=true}'}] and the following status: [COMPLETED] in 79ms
[2026-03-06 10:00:00.199] [INFO ] [Async-Executor-2] o.s.b.c.l.support.SimpleJobLauncher - Job: [SimpleJob: [name=sampleJob]] completed with the following parameters: [{'requestedAt':'{value=1772758800027, type=class java.lang.Long, identifying=true}','batchJobId':'{value=1, type=class java.lang.Long, identifying=true}','triggerType':'{value=SCHEDULED, type=class java.lang.String, identifying=true}'}] and the following status: [COMPLETED] in 79ms
Hibernate: select b1_0.id,b1_0.created_at,b1_0.cron_expression,b1_0.enabled,b1_0.job_class,b1_0.job_key,b1_0.last_run_at,b1_0.name,b1_0.updated_at from batch_jobs b1_0 where b1_0.id=?
[2026-03-06 10:05:00.065] [INFO ] [Async-Executor-3] o.s.b.c.l.support.SimpleJobLauncher - Job: [SimpleJob: [name=sampleJob]] launched with the following parameters: [{'requestedAt':'{value=1772759100018, type=class java.lang.Long, identifying=true}','batchJobId':'{value=1, type=class java.lang.Long, identifying=true}','triggerType':'{value=SCHEDULED, type=class java.lang.String, identifying=true}'}]
Hibernate: select b1_0.id,b1_0.created_at,b1_0.cron_expression,b1_0.enabled,b1_0.job_class,b1_0.job_key,b1_0.last_run_at,b1_0.name,b1_0.updated_at from batch_jobs b1_0 where b1_0.id=?
Hibernate: update batch_jobs set cron_expression=?,enabled=?,job_class=?,job_key=?,last_run_at=?,name=?,updated_at=? where id=?
[2026-03-06 10:05:00.088] [INFO ] [Async-Executor-3] o.s.batch.core.job.SimpleStepHandler - Executing step: [step1]
Sample batch job executed
[2026-03-06 10:05:00.108] [INFO ] [Async-Executor-3] o.s.batch.core.step.AbstractStep - Step: [step1] executed in 19ms
[2026-03-06 10:05:00.126] [INFO ] [Async-Executor-3] o.s.b.c.l.support.SimpleJobLauncher - Job: [SimpleJob: [name=sampleJob]] completed with the following parameters: [{'requestedAt':'{value=1772759100018, type=class java.lang.Long, identifying=true}','batchJobId':'{value=1, type=class java.lang.Long, identifying=true}','triggerType':'{value=SCHEDULED, type=class java.lang.String, identifying=true}'}] and the following status: [COMPLETED] in 54ms
Hibernate: select b1_0.id,b1_0.created_at,b1_0.cron_expression,b1_0.enabled,b1_0.job_class,b1_0.job_key,b1_0.last_run_at,b1_0.name,b1_0.updated_at from batch_jobs b1_0 where b1_0.id=?
Hibernate: select b1_0.id,b1_0.created_at,b1_0.cron_expression,b1_0.enabled,b1_0.job_class,b1_0.job_key,b1_0.last_run_at,b1_0.name,b1_0.updated_at from batch_jobs b1_0 where b1_0.id=?
[2026-03-06 10:10:00.064] [INFO ] [Async-Executor-4] o.s.b.c.l.support.SimpleJobLauncher - Job: [SimpleJob: [name=sampleJob]] launched with the following parameters: [{'requestedAt':'{value=1772759400026, type=class java.lang.Long, identifying=true}','batchJobId':'{value=1, type=class java.lang.Long, identifying=true}','triggerType':'{value=SCHEDULED, type=class java.lang.String, identifying=true}'}]
Hibernate: select b1_0.id,b1_0.created_at,b1_0.cron_expression,b1_0.enabled,b1_0.job_class,b1_0.job_key,b1_0.last_run_at,b1_0.name,b1_0.updated_at from batch_jobs b1_0 where b1_0.id=?
Hibernate: update batch_jobs set cron_expression=?,enabled=?,job_class=?,job_key=?,last_run_at=?,name=?,updated_at=? where id=?
[2026-03-06 10:10:00.069] [INFO ] [Async-Executor-5] o.s.b.c.l.support.SimpleJobLauncher - Job: [SimpleJob: [name=sampleJobTwo]] launched with the following parameters: [{'requestedAt':'{value=1772759400026, type=class java.lang.Long, identifying=true}','batchJobId':'{value=3, type=class java.lang.Long, identifying=true}','triggerType':'{value=SCHEDULED, type=class java.lang.String, identifying=true}'}]
Hibernate: select b1_0.id,b1_0.created_at,b1_0.cron_expression,b1_0.enabled,b1_0.job_class,b1_0.job_key,b1_0.last_run_at,b1_0.name,b1_0.updated_at from batch_jobs b1_0 where b1_0.id=?
Hibernate: update batch_jobs set cron_expression=?,enabled=?,job_class=?,job_key=?,last_run_at=?,name=?,updated_at=? where id=?
[2026-03-06 10:10:00.090] [INFO ] [Async-Executor-4] o.s.batch.core.job.SimpleStepHandler - Executing step: [step1]
[2026-03-06 10:10:00.094] [INFO ] [Async-Executor-5] o.s.batch.core.job.SimpleStepHandler - Executing step: [step1]
Sample batch job executed
Sample batch job executed
[2026-03-06 10:10:00.115] [INFO ] [Async-Executor-4] o.s.batch.core.step.AbstractStep - Step: [step1] executed in 24ms
[2026-03-06 10:10:00.116] [INFO ] [Async-Executor-5] o.s.batch.core.step.AbstractStep - Step: [step1] executed in 21ms
[2026-03-06 10:10:00.159] [INFO ] [Async-Executor-4] o.s.b.c.l.support.SimpleJobLauncher - Job: [SimpleJob: [name=sampleJob]] completed with the following parameters: [{'requestedAt':'{value=1772759400026, type=class java.lang.Long, identifying=true}','batchJobId':'{value=1, type=class java.lang.Long, identifying=true}','triggerType':'{value=SCHEDULED, type=class java.lang.String, identifying=true}'}] and the following status: [COMPLETED] in 82ms
[2026-03-06 10:10:00.160] [INFO ] [Async-Executor-5] o.s.b.c.l.support.SimpleJobLauncher - Job: [SimpleJob: [name=sampleJobTwo]] completed with the following parameters: [{'requestedAt':'{value=1772759400026, type=class java.lang.Long, identifying=true}','batchJobId':'{value=3, type=class java.lang.Long, identifying=true}','triggerType':'{value=SCHEDULED, type=class java.lang.String, identifying=true}'}] and the following status: [COMPLETED] in 80ms
Hibernate: select b1_0.id,b1_0.created_at,b1_0.cron_expression,b1_0.enabled,b1_0.job_class,b1_0.job_key,b1_0.last_run_at,b1_0.name,b1_0.updated_at from batch_jobs b1_0 where b1_0.id=?
[2026-03-06 10:15:00.062] [INFO ] [Async-Executor-1] o.s.b.c.l.support.SimpleJobLauncher - Job: [SimpleJob: [name=sampleJob]] launched with the following parameters: [{'requestedAt':'{value=1772759700020, type=class java.lang.Long, identifying=true}','batchJobId':'{value=1, type=class java.lang.Long, identifying=true}','triggerType':'{value=SCHEDULED, type=class java.lang.String, identifying=true}'}]
Hibernate: select b1_0.id,b1_0.created_at,b1_0.cron_expression,b1_0.enabled,b1_0.job_class,b1_0.job_key,b1_0.last_run_at,b1_0.name,b1_0.updated_at from batch_jobs b1_0 where b1_0.id=?
Hibernate: update batch_jobs set cron_expression=?,enabled=?,job_class=?,job_key=?,last_run_at=?,name=?,updated_at=? where id=?
[2026-03-06 10:15:00.093] [INFO ] [Async-Executor-1] o.s.batch.core.job.SimpleStepHandler - Executing step: [step1]
Sample batch job executed
[2026-03-06 10:15:00.112] [INFO ] [Async-Executor-1] o.s.batch.core.step.AbstractStep - Step: [step1] executed in 18ms
[2026-03-06 10:15:00.135] [INFO ] [Async-Executor-1] o.s.b.c.l.support.SimpleJobLauncher - Job: [SimpleJob: [name=sampleJob]] completed with the following parameters: [{'requestedAt':'{value=1772759700020, type=class java.lang.Long, identifying=true}','batchJobId':'{value=1, type=class java.lang.Long, identifying=true}','triggerType':'{value=SCHEDULED, type=class java.lang.String, identifying=true}'}] and the following status: [COMPLETED] in 65ms
Hibernate: select b1_0.id,b1_0.created_at,b1_0.cron_expression,b1_0.enabled,b1_0.job_class,b1_0.job_key,b1_0.last_run_at,b1_0.name,b1_0.updated_at from batch_jobs b1_0 where b1_0.id=?
Hibernate: select b1_0.id,b1_0.created_at,b1_0.cron_expression,b1_0.enabled,b1_0.job_class,b1_0.job_key,b1_0.last_run_at,b1_0.name,b1_0.updated_at from batch_jobs b1_0 where b1_0.id=?
[2026-03-06 10:20:00.064] [INFO ] [Async-Executor-2] o.s.b.c.l.support.SimpleJobLauncher - Job: [SimpleJob: [name=sampleJob]] launched with the following parameters: [{'requestedAt':'{value=1772760000017, type=class java.lang.Long, identifying=true}','batchJobId':'{value=1, type=class java.lang.Long, identifying=true}','triggerType':'{value=SCHEDULED, type=class java.lang.String, identifying=true}'}]
Hibernate: select b1_0.id,b1_0.created_at,b1_0.cron_expression,b1_0.enabled,b1_0.job_class,b1_0.job_key,b1_0.last_run_at,b1_0.name,b1_0.updated_at from batch_jobs b1_0 where b1_0.id=?
Hibernate: update batch_jobs set cron_expression=?,enabled=?,job_class=?,job_key=?,last_run_at=?,name=?,updated_at=? where id=?
[2026-03-06 10:20:00.066] [INFO ] [Async-Executor-3] o.s.b.c.l.support.SimpleJobLauncher - Job: [SimpleJob: [name=sampleJobTwo]] launched with the following parameters: [{'requestedAt':'{value=1772760000017, type=class java.lang.Long, identifying=true}','batchJobId':'{value=3, type=class java.lang.Long, identifying=true}','triggerType':'{value=SCHEDULED, type=class java.lang.String, identifying=true}'}]
Hibernate: select b1_0.id,b1_0.created_at,b1_0.cron_expression,b1_0.enabled,b1_0.job_class,b1_0.job_key,b1_0.last_run_at,b1_0.name,b1_0.updated_at from batch_jobs b1_0 where b1_0.id=?
Hibernate: update batch_jobs set cron_expression=?,enabled=?,job_class=?,job_key=?,last_run_at=?,name=?,updated_at=? where id=?
[2026-03-06 10:20:00.114] [INFO ] [Async-Executor-2] o.s.batch.core.job.SimpleStepHandler - Executing step: [step1]
[2026-03-06 10:20:00.119] [INFO ] [Async-Executor-3] o.s.batch.core.job.SimpleStepHandler - Executing step: [step1]
Sample batch job executed
Sample batch job executed
[2026-03-06 10:20:00.137] [INFO ] [Async-Executor-2] o.s.batch.core.step.AbstractStep - Step: [step1] executed in 23ms
[2026-03-06 10:20:00.141] [INFO ] [Async-Executor-3] o.s.batch.core.step.AbstractStep - Step: [step1] executed in 21ms
[2026-03-06 10:20:00.154] [INFO ] [Async-Executor-2] o.s.b.c.l.support.SimpleJobLauncher - Job: [SimpleJob: [name=sampleJob]] completed with the following parameters: [{'requestedAt':'{value=1772760000017, type=class java.lang.Long, identifying=true}','batchJobId':'{value=1, type=class java.lang.Long, identifying=true}','triggerType':'{value=SCHEDULED, type=class java.lang.String, identifying=true}'}] and the following status: [COMPLETED] in 83ms
[2026-03-06 10:20:00.161] [INFO ] [Async-Executor-3] o.s.b.c.l.support.SimpleJobLauncher - Job: [SimpleJob: [name=sampleJobTwo]] completed with the following parameters: [{'requestedAt':'{value=1772760000017, type=class java.lang.Long, identifying=true}','batchJobId':'{value=3, type=class java.lang.Long, identifying=true}','triggerType':'{value=SCHEDULED, type=class java.lang.String, identifying=true}'}] and the following status: [COMPLETED] in 85ms
Hibernate: select b1_0.id,b1_0.created_at,b1_0.cron_expression,b1_0.enabled,b1_0.job_class,b1_0.job_key,b1_0.last_run_at,b1_0.name,b1_0.updated_at from batch_jobs b1_0 where b1_0.id=?
[2026-03-06 10:25:00.062] [INFO ] [Async-Executor-4] o.s.b.c.l.support.SimpleJobLauncher - Job: [SimpleJob: [name=sampleJob]] launched with the following parameters: [{'requestedAt':'{value=1772760300013, type=class java.lang.Long, identifying=true}','batchJobId':'{value=1, type=class java.lang.Long, identifying=true}','triggerType':'{value=SCHEDULED, type=class java.lang.String, identifying=true}'}]
Hibernate: select b1_0.id,b1_0.created_at,b1_0.cron_expression,b1_0.enabled,b1_0.job_class,b1_0.job_key,b1_0.last_run_at,b1_0.name,b1_0.updated_at from batch_jobs b1_0 where b1_0.id=?
Hibernate: update batch_jobs set cron_expression=?,enabled=?,job_class=?,job_key=?,last_run_at=?,name=?,updated_at=? where id=?
[2026-03-06 10:25:00.093] [INFO ] [Async-Executor-4] o.s.batch.core.job.SimpleStepHandler - Executing step: [step1]
Sample batch job executed
[2026-03-06 10:25:00.117] [INFO ] [Async-Executor-4] o.s.batch.core.step.AbstractStep - Step: [step1] executed in 24ms
[2026-03-06 10:25:00.134] [INFO ] [Async-Executor-4] o.s.b.c.l.support.SimpleJobLauncher - Job: [SimpleJob: [name=sampleJob]] completed with the following parameters: [{'requestedAt':'{value=1772760300013, type=class java.lang.Long, identifying=true}','batchJobId':'{value=1, type=class java.lang.Long, identifying=true}','triggerType':'{value=SCHEDULED, type=class java.lang.String, identifying=true}'}] and the following status: [COMPLETED] in 66ms
Hibernate: select b1_0.id,b1_0.created_at,b1_0.cron_expression,b1_0.enabled,b1_0.job_class,b1_0.job_key,b1_0.last_run_at,b1_0.name,b1_0.updated_at from batch_jobs b1_0 where b1_0.id=?
Hibernate: select b1_0.id,b1_0.created_at,b1_0.cron_expression,b1_0.enabled,b1_0.job_class,b1_0.job_key,b1_0.last_run_at,b1_0.name,b1_0.updated_at from batch_jobs b1_0 where b1_0.id=?
[2026-03-06 10:30:00.039] [INFO ] [Async-Executor-5] o.s.b.c.l.support.SimpleJobLauncher - Job: [SimpleJob: [name=sampleJob]] launched with the following parameters: [{'requestedAt':'{value=1772760600005, type=class java.lang.Long, identifying=true}','batchJobId':'{value=1, type=class java.lang.Long, identifying=true}','triggerType':'{value=SCHEDULED, type=class java.lang.String, identifying=true}'}]
Hibernate: select b1_0.id,b1_0.created_at,b1_0.cron_expression,b1_0.enabled,b1_0.job_class,b1_0.job_key,b1_0.last_run_at,b1_0.name,b1_0.updated_at from batch_jobs b1_0 where b1_0.id=?
Hibernate: update batch_jobs set cron_expression=?,enabled=?,job_class=?,job_key=?,last_run_at=?,name=?,updated_at=? where id=?
[2026-03-06 10:30:00.049] [INFO ] [Async-Executor-1] o.s.b.c.l.support.SimpleJobLauncher - Job: [SimpleJob: [name=sampleJobTwo]] launched with the following parameters: [{'requestedAt':'{value=1772760600005, type=class java.lang.Long, identifying=true}','batchJobId':'{value=3, type=class java.lang.Long, identifying=true}','triggerType':'{value=SCHEDULED, type=class java.lang.String, identifying=true}'}]
Hibernate: select b1_0.id,b1_0.created_at,b1_0.cron_expression,b1_0.enabled,b1_0.job_class,b1_0.job_key,b1_0.last_run_at,b1_0.name,b1_0.updated_at from batch_jobs b1_0 where b1_0.id=?
Hibernate: update batch_jobs set cron_expression=?,enabled=?,job_class=?,job_key=?,last_run_at=?,name=?,updated_at=? where id=?
[2026-03-06 10:30:00.068] [INFO ] [Async-Executor-5] o.s.batch.core.job.SimpleStepHandler - Executing step: [step1]
[2026-03-06 10:30:00.076] [INFO ] [Async-Executor-1] o.s.batch.core.job.SimpleStepHandler - Executing step: [step1]
Sample batch job executed
Sample batch job executed
[2026-03-06 10:30:00.096] [INFO ] [Async-Executor-5] o.s.batch.core.step.AbstractStep - Step: [step1] executed in 27ms
[2026-03-06 10:30:00.119] [INFO ] [Async-Executor-1] o.s.batch.core.step.AbstractStep - Step: [step1] executed in 42ms
[2026-03-06 10:30:00.140] [INFO ] [Async-Executor-5] o.s.b.c.l.support.SimpleJobLauncher - Job: [SimpleJob: [name=sampleJob]] completed with the following parameters: [{'requestedAt':'{value=1772760600005, type=class java.lang.Long, identifying=true}','batchJobId':'{value=1, type=class java.lang.Long, identifying=true}','triggerType':'{value=SCHEDULED, type=class java.lang.String, identifying=true}'}] and the following status: [COMPLETED] in 89ms
[2026-03-06 10:30:00.146] [INFO ] [Async-Executor-1] o.s.b.c.l.support.SimpleJobLauncher - Job: [SimpleJob: [name=sampleJobTwo]] completed with the following parameters: [{'requestedAt':'{value=1772760600005, type=class java.lang.Long, identifying=true}','batchJobId':'{value=3, type=class java.lang.Long, identifying=true}','triggerType':'{value=SCHEDULED, type=class java.lang.String, identifying=true}'}] and the following status: [COMPLETED] in 87ms
Hibernate: select b1_0.id,b1_0.created_at,b1_0.cron_expression,b1_0.enabled,b1_0.job_class,b1_0.job_key,b1_0.last_run_at,b1_0.name,b1_0.updated_at from batch_jobs b1_0 where b1_0.id=?
[2026-03-06 10:35:00.058] [INFO ] [Async-Executor-2] o.s.b.c.l.support.SimpleJobLauncher - Job: [SimpleJob: [name=sampleJob]] launched with the following parameters: [{'requestedAt':'{value=1772760900024, type=class java.lang.Long, identifying=true}','batchJobId':'{value=1, type=class java.lang.Long, identifying=true}','triggerType':'{value=SCHEDULED, type=class java.lang.String, identifying=true}'}]
Hibernate: select b1_0.id,b1_0.created_at,b1_0.cron_expression,b1_0.enabled,b1_0.job_class,b1_0.job_key,b1_0.last_run_at,b1_0.name,b1_0.updated_at from batch_jobs b1_0 where b1_0.id=?
Hibernate: update batch_jobs set cron_expression=?,enabled=?,job_class=?,job_key=?,last_run_at=?,name=?,updated_at=? where id=?
[2026-03-06 10:35:00.079] [INFO ] [Async-Executor-2] o.s.batch.core.job.SimpleStepHandler - Executing step: [step1]
Sample batch job executed
[2026-03-06 10:35:00.098] [INFO ] [Async-Executor-2] o.s.batch.core.step.AbstractStep - Step: [step1] executed in 18ms
[2026-03-06 10:35:00.113] [INFO ] [Async-Executor-2] o.s.b.c.l.support.SimpleJobLauncher - Job: [SimpleJob: [name=sampleJob]] completed with the following parameters: [{'requestedAt':'{value=1772760900024, type=class java.lang.Long, identifying=true}','batchJobId':'{value=1, type=class java.lang.Long, identifying=true}','triggerType':'{value=SCHEDULED, type=class java.lang.String, identifying=true}'}] and the following status: [COMPLETED] in 48ms
Hibernate: select b1_0.id,b1_0.created_at,b1_0.cron_expression,b1_0.enabled,b1_0.job_class,b1_0.job_key,b1_0.last_run_at,b1_0.name,b1_0.updated_at from batch_jobs b1_0 where b1_0.id=?
Hibernate: select b1_0.id,b1_0.created_at,b1_0.cron_expression,b1_0.enabled,b1_0.job_class,b1_0.job_key,b1_0.last_run_at,b1_0.name,b1_0.updated_at from batch_jobs b1_0 where b1_0.id=?
[2026-03-06 10:40:00.070] [INFO ] [Async-Executor-3] o.s.b.c.l.support.SimpleJobLauncher - Job: [SimpleJob: [name=sampleJobTwo]] launched with the following parameters: [{'requestedAt':'{value=1772761200020, type=class java.lang.Long, identifying=true}','batchJobId':'{value=3, type=class java.lang.Long, identifying=true}','triggerType':'{value=SCHEDULED, type=class java.lang.String, identifying=true}'}]
Hibernate: select b1_0.id,b1_0.created_at,b1_0.cron_expression,b1_0.enabled,b1_0.job_class,b1_0.job_key,b1_0.last_run_at,b1_0.name,b1_0.updated_at from batch_jobs b1_0 where b1_0.id=?
Hibernate: update batch_jobs set cron_expression=?,enabled=?,job_class=?,job_key=?,last_run_at=?,name=?,updated_at=? where id=?
[2026-03-06 10:40:00.077] [INFO ] [Async-Executor-4] o.s.b.c.l.support.SimpleJobLauncher - Job: [SimpleJob: [name=sampleJob]] launched with the following parameters: [{'requestedAt':'{value=1772761200020, type=class java.lang.Long, identifying=true}','batchJobId':'{value=1, type=class java.lang.Long, identifying=true}','triggerType':'{value=SCHEDULED, type=class java.lang.String, identifying=true}'}]
Hibernate: select b1_0.id,b1_0.created_at,b1_0.cron_expression,b1_0.enabled,b1_0.job_class,b1_0.job_key,b1_0.last_run_at,b1_0.name,b1_0.updated_at from batch_jobs b1_0 where b1_0.id=?
Hibernate: update batch_jobs set cron_expression=?,enabled=?,job_class=?,job_key=?,last_run_at=?,name=?,updated_at=? where id=?
[2026-03-06 10:40:00.094] [INFO ] [Async-Executor-3] o.s.batch.core.job.SimpleStepHandler - Executing step: [step1]
[2026-03-06 10:40:00.100] [INFO ] [Async-Executor-4] o.s.batch.core.job.SimpleStepHandler - Executing step: [step1]
Sample batch job executed
Sample batch job executed
[2026-03-06 10:40:00.115] [INFO ] [Async-Executor-3] o.s.batch.core.step.AbstractStep - Step: [step1] executed in 21ms
[2026-03-06 10:40:00.120] [INFO ] [Async-Executor-4] o.s.batch.core.step.AbstractStep - Step: [step1] executed in 20ms
[2026-03-06 10:40:00.135] [INFO ] [Async-Executor-3] o.s.b.c.l.support.SimpleJobLauncher - Job: [SimpleJob: [name=sampleJobTwo]] completed with the following parameters: [{'requestedAt':'{value=1772761200020, type=class java.lang.Long, identifying=true}','batchJobId':'{value=3, type=class java.lang.Long, identifying=true}','triggerType':'{value=SCHEDULED, type=class java.lang.String, identifying=true}'}] and the following status: [COMPLETED] in 56ms
[2026-03-06 10:40:00.138] [INFO ] [Async-Executor-4] o.s.b.c.l.support.SimpleJobLauncher - Job: [SimpleJob: [name=sampleJob]] completed with the following parameters: [{'requestedAt':'{value=1772761200020, type=class java.lang.Long, identifying=true}','batchJobId':'{value=1, type=class java.lang.Long, identifying=true}','triggerType':'{value=SCHEDULED, type=class java.lang.String, identifying=true}'}] and the following status: [COMPLETED] in 54ms
Hibernate: select b1_0.id,b1_0.created_at,b1_0.cron_expression,b1_0.enabled,b1_0.job_class,b1_0.job_key,b1_0.last_run_at,b1_0.name,b1_0.updated_at from batch_jobs b1_0 where b1_0.id=?
[2026-03-06 10:45:00.042] [INFO ] [Async-Executor-5] o.s.b.c.l.support.SimpleJobLauncher - Job: [SimpleJob: [name=sampleJob]] launched with the following parameters: [{'requestedAt':'{value=1772761500013, type=class java.lang.Long, identifying=true}','batchJobId':'{value=1, type=class java.lang.Long, identifying=true}','triggerType':'{value=SCHEDULED, type=class java.lang.String, identifying=true}'}]
Hibernate: select b1_0.id,b1_0.created_at,b1_0.cron_expression,b1_0.enabled,b1_0.job_class,b1_0.job_key,b1_0.last_run_at,b1_0.name,b1_0.updated_at from batch_jobs b1_0 where b1_0.id=?
Hibernate: update batch_jobs set cron_expression=?,enabled=?,job_class=?,job_key=?,last_run_at=?,name=?,updated_at=? where id=?
[2026-03-06 10:45:00.063] [INFO ] [Async-Executor-5] o.s.batch.core.job.SimpleStepHandler - Executing step: [step1]
Sample batch job executed
[2026-03-06 10:45:00.079] [INFO ] [Async-Executor-5] o.s.batch.core.step.AbstractStep - Step: [step1] executed in 15ms
[2026-03-06 10:45:00.094] [INFO ] [Async-Executor-5] o.s.b.c.l.support.SimpleJobLauncher - Job: [SimpleJob: [name=sampleJob]] completed with the following parameters: [{'requestedAt':'{value=1772761500013, type=class java.lang.Long, identifying=true}','batchJobId':'{value=1, type=class java.lang.Long, identifying=true}','triggerType':'{value=SCHEDULED, type=class java.lang.String, identifying=true}'}] and the following status: [COMPLETED] in 46ms
Hibernate: select b1_0.id,b1_0.created_at,b1_0.cron_expression,b1_0.enabled,b1_0.job_class,b1_0.job_key,b1_0.last_run_at,b1_0.name,b1_0.updated_at from batch_jobs b1_0 where b1_0.id=?
Hibernate: select b1_0.id,b1_0.created_at,b1_0.cron_expression,b1_0.enabled,b1_0.job_class,b1_0.job_key,b1_0.last_run_at,b1_0.name,b1_0.updated_at from batch_jobs b1_0 where b1_0.id=?
[2026-03-06 10:50:00.052] [INFO ] [Async-Executor-1] o.s.b.c.l.support.SimpleJobLauncher - Job: [SimpleJob: [name=sampleJobTwo]] launched with the following parameters: [{'requestedAt':'{value=1772761800019, type=class java.lang.Long, identifying=true}','batchJobId':'{value=3, type=class java.lang.Long, identifying=true}','triggerType':'{value=SCHEDULED, type=class java.lang.String, identifying=true}'}]
Hibernate: select b1_0.id,b1_0.created_at,b1_0.cron_expression,b1_0.enabled,b1_0.job_class,b1_0.job_key,b1_0.last_run_at,b1_0.name,b1_0.updated_at from batch_jobs b1_0 where b1_0.id=?
Hibernate: update batch_jobs set cron_expression=?,enabled=?,job_class=?,job_key=?,last_run_at=?,name=?,updated_at=? where id=?
[2026-03-06 10:50:00.056] [INFO ] [Async-Executor-2] o.s.b.c.l.support.SimpleJobLauncher - Job: [SimpleJob: [name=sampleJob]] launched with the following parameters: [{'requestedAt':'{value=1772761800019, type=class java.lang.Long, identifying=true}','batchJobId':'{value=1, type=class java.lang.Long, identifying=true}','triggerType':'{value=SCHEDULED, type=class java.lang.String, identifying=true}'}]
Hibernate: select b1_0.id,b1_0.created_at,b1_0.cron_expression,b1_0.enabled,b1_0.job_class,b1_0.job_key,b1_0.last_run_at,b1_0.name,b1_0.updated_at from batch_jobs b1_0 where b1_0.id=?
Hibernate: update batch_jobs set cron_expression=?,enabled=?,job_class=?,job_key=?,last_run_at=?,name=?,updated_at=? where id=?
[2026-03-06 10:50:00.074] [INFO ] [Async-Executor-1] o.s.batch.core.job.SimpleStepHandler - Executing step: [step1]
[2026-03-06 10:50:00.079] [INFO ] [Async-Executor-2] o.s.batch.core.job.SimpleStepHandler - Executing step: [step1]
Sample batch job executed
Sample batch job executed
[2026-03-06 10:50:00.095] [INFO ] [Async-Executor-1] o.s.batch.core.step.AbstractStep - Step: [step1] executed in 21ms
[2026-03-06 10:50:00.099] [INFO ] [Async-Executor-2] o.s.batch.core.step.AbstractStep - Step: [step1] executed in 19ms
[2026-03-06 10:50:00.113] [INFO ] [Async-Executor-1] o.s.b.c.l.support.SimpleJobLauncher - Job: [SimpleJob: [name=sampleJobTwo]] completed with the following parameters: [{'requestedAt':'{value=1772761800019, type=class java.lang.Long, identifying=true}','batchJobId':'{value=3, type=class java.lang.Long, identifying=true}','triggerType':'{value=SCHEDULED, type=class java.lang.String, identifying=true}'}] and the following status: [COMPLETED] in 55ms
[2026-03-06 10:50:00.118] [INFO ] [Async-Executor-2] o.s.b.c.l.support.SimpleJobLauncher - Job: [SimpleJob: [name=sampleJob]] completed with the following parameters: [{'requestedAt':'{value=1772761800019, type=class java.lang.Long, identifying=true}','batchJobId':'{value=1, type=class java.lang.Long, identifying=true}','triggerType':'{value=SCHEDULED, type=class java.lang.String, identifying=true}'}] and the following status: [COMPLETED] in 55ms
Hibernate: select b1_0.id,b1_0.created_at,b1_0.cron_expression,b1_0.enabled,b1_0.job_class,b1_0.job_key,b1_0.last_run_at,b1_0.name,b1_0.updated_at from batch_jobs b1_0 where b1_0.id=?
[2026-03-06 10:55:00.058] [INFO ] [Async-Executor-3] o.s.b.c.l.support.SimpleJobLauncher - Job: [SimpleJob: [name=sampleJob]] launched with the following parameters: [{'requestedAt':'{value=1772762100027, type=class java.lang.Long, identifying=true}','batchJobId':'{value=1, type=class java.lang.Long, identifying=true}','triggerType':'{value=SCHEDULED, type=class java.lang.String, identifying=true}'}]
Hibernate: select b1_0.id,b1_0.created_at,b1_0.cron_expression,b1_0.enabled,b1_0.job_class,b1_0.job_key,b1_0.last_run_at,b1_0.name,b1_0.updated_at from batch_jobs b1_0 where b1_0.id=?
Hibernate: update batch_jobs set cron_expression=?,enabled=?,job_class=?,job_key=?,last_run_at=?,name=?,updated_at=? where id=?
[2026-03-06 10:55:00.080] [INFO ] [Async-Executor-3] o.s.batch.core.job.SimpleStepHandler - Executing step: [step1]
Sample batch job executed
[2026-03-06 10:55:00.096] [INFO ] [Async-Executor-3] o.s.batch.core.step.AbstractStep - Step: [step1] executed in 16ms
[2026-03-06 10:55:00.112] [INFO ] [Async-Executor-3] o.s.b.c.l.support.SimpleJobLauncher - Job: [SimpleJob: [name=sampleJob]] completed with the following parameters: [{'requestedAt':'{value=1772762100027, type=class java.lang.Long, identifying=true}','batchJobId':'{value=1, type=class java.lang.Long, identifying=true}','triggerType':'{value=SCHEDULED, type=class java.lang.String, identifying=true}'}] and the following status: [COMPLETED] in 46ms
Hibernate: select b1_0.id,b1_0.created_at,b1_0.cron_expression,b1_0.enabled,b1_0.job_class,b1_0.job_key,b1_0.last_run_at,b1_0.name,b1_0.updated_at from batch_jobs b1_0 where b1_0.id=?
Hibernate: select b1_0.id,b1_0.created_at,b1_0.cron_expression,b1_0.enabled,b1_0.job_class,b1_0.job_key,b1_0.last_run_at,b1_0.name,b1_0.updated_at from batch_jobs b1_0 where b1_0.id=?
[2026-03-06 11:00:00.058] [INFO ] [Async-Executor-4] o.s.b.c.l.support.SimpleJobLauncher - Job: [SimpleJob: [name=sampleJob]] launched with the following parameters: [{'requestedAt':'{value=1772762400012, type=class java.lang.Long, identifying=true}','batchJobId':'{value=1, type=class java.lang.Long, identifying=true}','triggerType':'{value=SCHEDULED, type=class java.lang.String, identifying=true}'}]
Hibernate: select b1_0.id,b1_0.created_at,b1_0.cron_expression,b1_0.enabled,b1_0.job_class,b1_0.job_key,b1_0.last_run_at,b1_0.name,b1_0.updated_at from batch_jobs b1_0 where b1_0.id=?
Hibernate: update batch_jobs set cron_expression=?,enabled=?,job_class=?,job_key=?,last_run_at=?,name=?,updated_at=? where id=?
[2026-03-06 11:00:00.062] [INFO ] [Async-Executor-5] o.s.b.c.l.support.SimpleJobLauncher - Job: [SimpleJob: [name=sampleJobTwo]] launched with the following parameters: [{'requestedAt':'{value=1772762400013, type=class java.lang.Long, identifying=true}','batchJobId':'{value=3, type=class java.lang.Long, identifying=true}','triggerType':'{value=SCHEDULED, type=class java.lang.String, identifying=true}'}]
Hibernate: select b1_0.id,b1_0.created_at,b1_0.cron_expression,b1_0.enabled,b1_0.job_class,b1_0.job_key,b1_0.last_run_at,b1_0.name,b1_0.updated_at from batch_jobs b1_0 where b1_0.id=?
Hibernate: update batch_jobs set cron_expression=?,enabled=?,job_class=?,job_key=?,last_run_at=?,name=?,updated_at=? where id=?
[2026-03-06 11:00:00.082] [INFO ] [Async-Executor-4] o.s.batch.core.job.SimpleStepHandler - Executing step: [step1]
[2026-03-06 11:00:00.086] [INFO ] [Async-Executor-5] o.s.batch.core.job.SimpleStepHandler - Executing step: [step1]
Sample batch job executed
Sample batch job executed
[2026-03-06 11:00:00.104] [INFO ] [Async-Executor-4] o.s.batch.core.step.AbstractStep - Step: [step1] executed in 21ms
[2026-03-06 11:00:00.106] [INFO ] [Async-Executor-5] o.s.batch.core.step.AbstractStep - Step: [step1] executed in 20ms
[2026-03-06 11:00:00.124] [INFO ] [Async-Executor-4] o.s.b.c.l.support.SimpleJobLauncher - Job: [SimpleJob: [name=sampleJob]] completed with the following parameters: [{'requestedAt':'{value=1772762400012, type=class java.lang.Long, identifying=true}','batchJobId':'{value=1, type=class java.lang.Long, identifying=true}','triggerType':'{value=SCHEDULED, type=class java.lang.String, identifying=true}'}] and the following status: [COMPLETED] in 58ms
[2026-03-06 11:00:00.127] [INFO ] [Async-Executor-5] o.s.b.c.l.support.SimpleJobLauncher - Job: [SimpleJob: [name=sampleJobTwo]] completed with the following parameters: [{'requestedAt':'{value=1772762400013, type=class java.lang.Long, identifying=true}','batchJobId':'{value=3, type=class java.lang.Long, identifying=true}','triggerType':'{value=SCHEDULED, type=class java.lang.String, identifying=true}'}] and the following status: [COMPLETED] in 57ms
Hibernate: select b1_0.id,b1_0.created_at,b1_0.cron_expression,b1_0.enabled,b1_0.job_class,b1_0.job_key,b1_0.last_run_at,b1_0.name,b1_0.updated_at from batch_jobs b1_0 where b1_0.id=?
[2026-03-06 11:05:00.037] [INFO ] [Async-Executor-1] o.s.b.c.l.support.SimpleJobLauncher - Job: [SimpleJob: [name=sampleJob]] launched with the following parameters: [{'requestedAt':'{value=1772762700012, type=class java.lang.Long, identifying=true}','batchJobId':'{value=1, type=class java.lang.Long, identifying=true}','triggerType':'{value=SCHEDULED, type=class java.lang.String, identifying=true}'}]
Hibernate: select b1_0.id,b1_0.created_at,b1_0.cron_expression,b1_0.enabled,b1_0.job_class,b1_0.job_key,b1_0.last_run_at,b1_0.name,b1_0.updated_at from batch_jobs b1_0 where b1_0.id=?
Hibernate: update batch_jobs set cron_expression=?,enabled=?,job_class=?,job_key=?,last_run_at=?,name=?,updated_at=? where id=?
[2026-03-06 11:05:00.058] [INFO ] [Async-Executor-1] o.s.batch.core.job.SimpleStepHandler - Executing step: [step1]
Sample batch job executed
[2026-03-06 11:05:00.075] [INFO ] [Async-Executor-1] o.s.batch.core.step.AbstractStep - Step: [step1] executed in 16ms
[2026-03-06 11:05:00.089] [INFO ] [Async-Executor-1] o.s.b.c.l.support.SimpleJobLauncher - Job: [SimpleJob: [name=sampleJob]] completed with the following parameters: [{'requestedAt':'{value=1772762700012, type=class java.lang.Long, identifying=true}','batchJobId':'{value=1, type=class java.lang.Long, identifying=true}','triggerType':'{value=SCHEDULED, type=class java.lang.String, identifying=true}'}] and the following status: [COMPLETED] in 46ms
Hibernate: select b1_0.id,b1_0.created_at,b1_0.cron_expression,b1_0.enabled,b1_0.job_class,b1_0.job_key,b1_0.last_run_at,b1_0.name,b1_0.updated_at from batch_jobs b1_0 where b1_0.id=?
Hibernate: select b1_0.id,b1_0.created_at,b1_0.cron_expression,b1_0.enabled,b1_0.job_class,b1_0.job_key,b1_0.last_run_at,b1_0.name,b1_0.updated_at from batch_jobs b1_0 where b1_0.id=?
[2026-03-06 11:10:00.050] [INFO ] [Async-Executor-2] o.s.b.c.l.support.SimpleJobLauncher - Job: [SimpleJob: [name=sampleJobTwo]] launched with the following parameters: [{'requestedAt':'{value=1772763000020, type=class java.lang.Long, identifying=true}','batchJobId':'{value=3, type=class java.lang.Long, identifying=true}','triggerType':'{value=SCHEDULED, type=class java.lang.String, identifying=true}'}]
Hibernate: select b1_0.id,b1_0.created_at,b1_0.cron_expression,b1_0.enabled,b1_0.job_class,b1_0.job_key,b1_0.last_run_at,b1_0.name,b1_0.updated_at from batch_jobs b1_0 where b1_0.id=?
Hibernate: update batch_jobs set cron_expression=?,enabled=?,job_class=?,job_key=?,last_run_at=?,name=?,updated_at=? where id=?
[2026-03-06 11:10:00.058] [INFO ] [Async-Executor-3] o.s.b.c.l.support.SimpleJobLauncher - Job: [SimpleJob: [name=sampleJob]] launched with the following parameters: [{'requestedAt':'{value=1772763000020, type=class java.lang.Long, identifying=true}','batchJobId':'{value=1, type=class java.lang.Long, identifying=true}','triggerType':'{value=SCHEDULED, type=class java.lang.String, identifying=true}'}]
Hibernate: select b1_0.id,b1_0.created_at,b1_0.cron_expression,b1_0.enabled,b1_0.job_class,b1_0.job_key,b1_0.last_run_at,b1_0.name,b1_0.updated_at from batch_jobs b1_0 where b1_0.id=?
Hibernate: update batch_jobs set cron_expression=?,enabled=?,job_class=?,job_key=?,last_run_at=?,name=?,updated_at=? where id=?
[2026-03-06 11:10:00.075] [INFO ] [Async-Executor-2] o.s.batch.core.job.SimpleStepHandler - Executing step: [step1]
[2026-03-06 11:10:00.079] [INFO ] [Async-Executor-3] o.s.batch.core.job.SimpleStepHandler - Executing step: [step1]
Sample batch job executed
Sample batch job executed
[2026-03-06 11:10:00.100] [INFO ] [Async-Executor-2] o.s.batch.core.step.AbstractStep - Step: [step1] executed in 24ms
[2026-03-06 11:10:00.103] [INFO ] [Async-Executor-3] o.s.batch.core.step.AbstractStep - Step: [step1] executed in 24ms
[2026-03-06 11:10:00.118] [INFO ] [Async-Executor-2] o.s.b.c.l.support.SimpleJobLauncher - Job: [SimpleJob: [name=sampleJobTwo]] completed with the following parameters: [{'requestedAt':'{value=1772763000020, type=class java.lang.Long, identifying=true}','batchJobId':'{value=3, type=class java.lang.Long, identifying=true}','triggerType':'{value=SCHEDULED, type=class java.lang.String, identifying=true}'}] and the following status: [COMPLETED] in 60ms
[2026-03-06 11:10:00.122] [INFO ] [Async-Executor-3] o.s.b.c.l.support.SimpleJobLauncher - Job: [SimpleJob: [name=sampleJob]] completed with the following parameters: [{'requestedAt':'{value=1772763000020, type=class java.lang.Long, identifying=true}','batchJobId':'{value=1, type=class java.lang.Long, identifying=true}','triggerType':'{value=SCHEDULED, type=class java.lang.String, identifying=true}'}] and the following status: [COMPLETED] in 57ms
Hibernate: select b1_0.id,b1_0.created_at,b1_0.cron_expression,b1_0.enabled,b1_0.job_class,b1_0.job_key,b1_0.last_run_at,b1_0.name,b1_0.updated_at from batch_jobs b1_0 where b1_0.id=?
[2026-03-06 11:15:00.037] [INFO ] [Async-Executor-4] o.s.b.c.l.support.SimpleJobLauncher - Job: [SimpleJob: [name=sampleJob]] launched with the following parameters: [{'requestedAt':'{value=1772763300010, type=class java.lang.Long, identifying=true}','batchJobId':'{value=1, type=class java.lang.Long, identifying=true}','triggerType':'{value=SCHEDULED, type=class java.lang.String, identifying=true}'}]
Hibernate: select b1_0.id,b1_0.created_at,b1_0.cron_expression,b1_0.enabled,b1_0.job_class,b1_0.job_key,b1_0.last_run_at,b1_0.name,b1_0.updated_at from batch_jobs b1_0 where b1_0.id=?
Hibernate: update batch_jobs set cron_expression=?,enabled=?,job_class=?,job_key=?,last_run_at=?,name=?,updated_at=? where id=?
[2026-03-06 11:15:00.059] [INFO ] [Async-Executor-4] o.s.batch.core.job.SimpleStepHandler - Executing step: [step1]
Sample batch job executed
[2026-03-06 11:15:00.076] [INFO ] [Async-Executor-4] o.s.batch.core.step.AbstractStep - Step: [step1] executed in 16ms
[2026-03-06 11:15:00.092] [INFO ] [Async-Executor-4] o.s.b.c.l.support.SimpleJobLauncher - Job: [SimpleJob: [name=sampleJob]] completed with the following parameters: [{'requestedAt':'{value=1772763300010, type=class java.lang.Long, identifying=true}','batchJobId':'{value=1, type=class java.lang.Long, identifying=true}','triggerType':'{value=SCHEDULED, type=class java.lang.String, identifying=true}'}] and the following status: [COMPLETED] in 48ms
Hibernate: select b1_0.id,b1_0.created_at,b1_0.cron_expression,b1_0.enabled,b1_0.job_class,b1_0.job_key,b1_0.last_run_at,b1_0.name,b1_0.updated_at from batch_jobs b1_0 where b1_0.id=?
Hibernate: select b1_0.id,b1_0.created_at,b1_0.cron_expression,b1_0.enabled,b1_0.job_class,b1_0.job_key,b1_0.last_run_at,b1_0.name,b1_0.updated_at from batch_jobs b1_0 where b1_0.id=?
[2026-03-06 11:20:00.065] [INFO ] [Async-Executor-5] o.s.b.c.l.support.SimpleJobLauncher - Job: [SimpleJob: [name=sampleJobTwo]] launched with the following parameters: [{'requestedAt':'{value=1772763600018, type=class java.lang.Long, identifying=true}','batchJobId':'{value=3, type=class java.lang.Long, identifying=true}','triggerType':'{value=SCHEDULED, type=class java.lang.String, identifying=true}'}]
Hibernate: select b1_0.id,b1_0.created_at,b1_0.cron_expression,b1_0.enabled,b1_0.job_class,b1_0.job_key,b1_0.last_run_at,b1_0.name,b1_0.updated_at from batch_jobs b1_0 where b1_0.id=?
Hibernate: update batch_jobs set cron_expression=?,enabled=?,job_class=?,job_key=?,last_run_at=?,name=?,updated_at=? where id=?
[2026-03-06 11:20:00.069] [INFO ] [Async-Executor-1] o.s.b.c.l.support.SimpleJobLauncher - Job: [SimpleJob: [name=sampleJob]] launched with the following parameters: [{'requestedAt':'{value=1772763600018, type=class java.lang.Long, identifying=true}','batchJobId':'{value=1, type=class java.lang.Long, identifying=true}','triggerType':'{value=SCHEDULED, type=class java.lang.String, identifying=true}'}]
Hibernate: select b1_0.id,b1_0.created_at,b1_0.cron_expression,b1_0.enabled,b1_0.job_class,b1_0.job_key,b1_0.last_run_at,b1_0.name,b1_0.updated_at from batch_jobs b1_0 where b1_0.id=?
Hibernate: update batch_jobs set cron_expression=?,enabled=?,job_class=?,job_key=?,last_run_at=?,name=?,updated_at=? where id=?
[2026-03-06 11:20:00.090] [INFO ] [Async-Executor-5] o.s.batch.core.job.SimpleStepHandler - Executing step: [step1]
[2026-03-06 11:20:00.099] [INFO ] [Async-Executor-1] o.s.batch.core.job.SimpleStepHandler - Executing step: [step1]
Sample batch job executed
Sample batch job executed
[2026-03-06 11:20:00.115] [INFO ] [Async-Executor-5] o.s.batch.core.step.AbstractStep - Step: [step1] executed in 24ms
[2026-03-06 11:20:00.120] [INFO ] [Async-Executor-1] o.s.batch.core.step.AbstractStep - Step: [step1] executed in 21ms
[2026-03-06 11:20:00.138] [INFO ] [Async-Executor-5] o.s.b.c.l.support.SimpleJobLauncher - Job: [SimpleJob: [name=sampleJobTwo]] completed with the following parameters: [{'requestedAt':'{value=1772763600018, type=class java.lang.Long, identifying=true}','batchJobId':'{value=3, type=class java.lang.Long, identifying=true}','triggerType':'{value=SCHEDULED, type=class java.lang.String, identifying=true}'}] and the following status: [COMPLETED] in 64ms
[2026-03-06 11:20:00.141] [INFO ] [Async-Executor-1] o.s.b.c.l.support.SimpleJobLauncher - Job: [SimpleJob: [name=sampleJob]] completed with the following parameters: [{'requestedAt':'{value=1772763600018, type=class java.lang.Long, identifying=true}','batchJobId':'{value=1, type=class java.lang.Long, identifying=true}','triggerType':'{value=SCHEDULED, type=class java.lang.String, identifying=true}'}] and the following status: [COMPLETED] in 66ms
Hibernate: select b1_0.id,b1_0.created_at,b1_0.cron_expression,b1_0.enabled,b1_0.job_class,b1_0.job_key,b1_0.last_run_at,b1_0.name,b1_0.updated_at from batch_jobs b1_0 where b1_0.id=?
[2026-03-06 11:25:00.059] [INFO ] [Async-Executor-2] o.s.b.c.l.support.SimpleJobLauncher - Job: [SimpleJob: [name=sampleJob]] launched with the following parameters: [{'requestedAt':'{value=1772763900013, type=class java.lang.Long, identifying=true}','batchJobId':'{value=1, type=class java.lang.Long, identifying=true}','triggerType':'{value=SCHEDULED, type=class java.lang.String, identifying=true}'}]
Hibernate: select b1_0.id,b1_0.created_at,b1_0.cron_expression,b1_0.enabled,b1_0.job_class,b1_0.job_key,b1_0.last_run_at,b1_0.name,b1_0.updated_at from batch_jobs b1_0 where b1_0.id=?
Hibernate: update batch_jobs set cron_expression=?,enabled=?,job_class=?,job_key=?,last_run_at=?,name=?,updated_at=? where id=?
[2026-03-06 11:25:00.081] [INFO ] [Async-Executor-2] o.s.batch.core.job.SimpleStepHandler - Executing step: [step1]
Sample batch job executed
[2026-03-06 11:25:00.097] [INFO ] [Async-Executor-2] o.s.batch.core.step.AbstractStep - Step: [step1] executed in 16ms
[2026-03-06 11:25:00.113] [INFO ] [Async-Executor-2] o.s.b.c.l.support.SimpleJobLauncher - Job: [SimpleJob: [name=sampleJob]] completed with the following parameters: [{'requestedAt':'{value=1772763900013, type=class java.lang.Long, identifying=true}','batchJobId':'{value=1, type=class java.lang.Long, identifying=true}','triggerType':'{value=SCHEDULED, type=class java.lang.String, identifying=true}'}] and the following status: [COMPLETED] in 47ms
Hibernate: select b1_0.id,b1_0.created_at,b1_0.cron_expression,b1_0.enabled,b1_0.job_class,b1_0.job_key,b1_0.last_run_at,b1_0.name,b1_0.updated_at from batch_jobs b1_0 where b1_0.id=?
Hibernate: select b1_0.id,b1_0.created_at,b1_0.cron_expression,b1_0.enabled,b1_0.job_class,b1_0.job_key,b1_0.last_run_at,b1_0.name,b1_0.updated_at from batch_jobs b1_0 where b1_0.id=?
[2026-03-06 11:30:00.048] [INFO ] [Async-Executor-3] o.s.b.c.l.support.SimpleJobLauncher - Job: [SimpleJob: [name=sampleJobTwo]] launched with the following parameters: [{'requestedAt':'{value=1772764200018, type=class java.lang.Long, identifying=true}','batchJobId':'{value=3, type=class java.lang.Long, identifying=true}','triggerType':'{value=SCHEDULED, type=class java.lang.String, identifying=true}'}]
Hibernate: select b1_0.id,b1_0.created_at,b1_0.cron_expression,b1_0.enabled,b1_0.job_class,b1_0.job_key,b1_0.last_run_at,b1_0.name,b1_0.updated_at from batch_jobs b1_0 where b1_0.id=?
Hibernate: update batch_jobs set cron_expression=?,enabled=?,job_class=?,job_key=?,last_run_at=?,name=?,updated_at=? where id=?
[2026-03-06 11:30:00.051] [INFO ] [Async-Executor-4] o.s.b.c.l.support.SimpleJobLauncher - Job: [SimpleJob: [name=sampleJob]] launched with the following parameters: [{'requestedAt':'{value=1772764200018, type=class java.lang.Long, identifying=true}','batchJobId':'{value=1, type=class java.lang.Long, identifying=true}','triggerType':'{value=SCHEDULED, type=class java.lang.String, identifying=true}'}]
Hibernate: select b1_0.id,b1_0.created_at,b1_0.cron_expression,b1_0.enabled,b1_0.job_class,b1_0.job_key,b1_0.last_run_at,b1_0.name,b1_0.updated_at from batch_jobs b1_0 where b1_0.id=?
Hibernate: update batch_jobs set cron_expression=?,enabled=?,job_class=?,job_key=?,last_run_at=?,name=?,updated_at=? where id=?
[2026-03-06 11:30:00.070] [INFO ] [Async-Executor-3] o.s.batch.core.job.SimpleStepHandler - Executing step: [step1]
[2026-03-06 11:30:00.077] [INFO ] [Async-Executor-4] o.s.batch.core.job.SimpleStepHandler - Executing step: [step1]
Sample batch job executed
Sample batch job executed
[2026-03-06 11:30:00.090] [INFO ] [Async-Executor-3] o.s.batch.core.step.AbstractStep - Step: [step1] executed in 20ms
[2026-03-06 11:30:00.097] [INFO ] [Async-Executor-4] o.s.batch.core.step.AbstractStep - Step: [step1] executed in 18ms
[2026-03-06 11:30:00.104] [INFO ] [Async-Executor-3] o.s.b.c.l.support.SimpleJobLauncher - Job: [SimpleJob: [name=sampleJobTwo]] completed with the following parameters: [{'requestedAt':'{value=1772764200018, type=class java.lang.Long, identifying=true}','batchJobId':'{value=3, type=class java.lang.Long, identifying=true}','triggerType':'{value=SCHEDULED, type=class java.lang.String, identifying=true}'}] and the following status: [COMPLETED] in 49ms
[2026-03-06 11:30:00.114] [INFO ] [Async-Executor-4] o.s.b.c.l.support.SimpleJobLauncher - Job: [SimpleJob: [name=sampleJob]] completed with the following parameters: [{'requestedAt':'{value=1772764200018, type=class java.lang.Long, identifying=true}','batchJobId':'{value=1, type=class java.lang.Long, identifying=true}','triggerType':'{value=SCHEDULED, type=class java.lang.String, identifying=true}'}] and the following status: [COMPLETED] in 55ms
Hibernate: select b1_0.id,b1_0.created_at,b1_0.cron_expression,b1_0.enabled,b1_0.job_class,b1_0.job_key,b1_0.last_run_at,b1_0.name,b1_0.updated_at from batch_jobs b1_0 where b1_0.id=?
[2026-03-06 11:35:00.042] [INFO ] [Async-Executor-5] o.s.b.c.l.support.SimpleJobLauncher - Job: [SimpleJob: [name=sampleJob]] launched with the following parameters: [{'requestedAt':'{value=1772764500011, type=class java.lang.Long, identifying=true}','batchJobId':'{value=1, type=class java.lang.Long, identifying=true}','triggerType':'{value=SCHEDULED, type=class java.lang.String, identifying=true}'}]
Hibernate: select b1_0.id,b1_0.created_at,b1_0.cron_expression,b1_0.enabled,b1_0.job_class,b1_0.job_key,b1_0.last_run_at,b1_0.name,b1_0.updated_at from batch_jobs b1_0 where b1_0.id=?
Hibernate: update batch_jobs set cron_expression=?,enabled=?,job_class=?,job_key=?,last_run_at=?,name=?,updated_at=? where id=?
[2026-03-06 11:35:00.063] [INFO ] [Async-Executor-5] o.s.batch.core.job.SimpleStepHandler - Executing step: [step1]
Sample batch job executed
[2026-03-06 11:35:00.083] [INFO ] [Async-Executor-5] o.s.batch.core.step.AbstractStep - Step: [step1] executed in 19ms
[2026-03-06 11:35:00.106] [INFO ] [Async-Executor-5] o.s.b.c.l.support.SimpleJobLauncher - Job: [SimpleJob: [name=sampleJob]] completed with the following parameters: [{'requestedAt':'{value=1772764500011, type=class java.lang.Long, identifying=true}','batchJobId':'{value=1, type=class java.lang.Long, identifying=true}','triggerType':'{value=SCHEDULED, type=class java.lang.String, identifying=true}'}] and the following status: [COMPLETED] in 55ms
Hibernate: select b1_0.id,b1_0.created_at,b1_0.cron_expression,b1_0.enabled,b1_0.job_class,b1_0.job_key,b1_0.last_run_at,b1_0.name,b1_0.updated_at from batch_jobs b1_0 where b1_0.id=?
Hibernate: select b1_0.id,b1_0.created_at,b1_0.cron_expression,b1_0.enabled,b1_0.job_class,b1_0.job_key,b1_0.last_run_at,b1_0.name,b1_0.updated_at from batch_jobs b1_0 where b1_0.id=?
[2026-03-06 11:40:00.073] [INFO ] [Async-Executor-1] o.s.b.c.l.support.SimpleJobLauncher - Job: [SimpleJob: [name=sampleJob]] launched with the following parameters: [{'requestedAt':'{value=1772764800015, type=class java.lang.Long, identifying=true}','batchJobId':'{value=1, type=class java.lang.Long, identifying=true}','triggerType':'{value=SCHEDULED, type=class java.lang.String, identifying=true}'}]
Hibernate: select b1_0.id,b1_0.created_at,b1_0.cron_expression,b1_0.enabled,b1_0.job_class,b1_0.job_key,b1_0.last_run_at,b1_0.name,b1_0.updated_at from batch_jobs b1_0 where b1_0.id=?
Hibernate: update batch_jobs set cron_expression=?,enabled=?,job_class=?,job_key=?,last_run_at=?,name=?,updated_at=? where id=?
[2026-03-06 11:40:00.077] [INFO ] [Async-Executor-2] o.s.b.c.l.support.SimpleJobLauncher - Job: [SimpleJob: [name=sampleJobTwo]] launched with the following parameters: [{'requestedAt':'{value=1772764800015, type=class java.lang.Long, identifying=true}','batchJobId':'{value=3, type=class java.lang.Long, identifying=true}','triggerType':'{value=SCHEDULED, type=class java.lang.String, identifying=true}'}]
Hibernate: select b1_0.id,b1_0.created_at,b1_0.cron_expression,b1_0.enabled,b1_0.job_class,b1_0.job_key,b1_0.last_run_at,b1_0.name,b1_0.updated_at from batch_jobs b1_0 where b1_0.id=?
Hibernate: update batch_jobs set cron_expression=?,enabled=?,job_class=?,job_key=?,last_run_at=?,name=?,updated_at=? where id=?
[2026-03-06 11:40:00.101] [INFO ] [Async-Executor-1] o.s.batch.core.job.SimpleStepHandler - Executing step: [step1]
[2026-03-06 11:40:00.107] [INFO ] [Async-Executor-2] o.s.batch.core.job.SimpleStepHandler - Executing step: [step1]
Sample batch job executed
Sample batch job executed
[2026-03-06 11:40:00.122] [INFO ] [Async-Executor-1] o.s.batch.core.step.AbstractStep - Step: [step1] executed in 21ms
[2026-03-06 11:40:00.125] [INFO ] [Async-Executor-2] o.s.batch.core.step.AbstractStep - Step: [step1] executed in 18ms
[2026-03-06 11:40:00.140] [INFO ] [Async-Executor-1] o.s.b.c.l.support.SimpleJobLauncher - Job: [SimpleJob: [name=sampleJob]] completed with the following parameters: [{'requestedAt':'{value=1772764800015, type=class java.lang.Long, identifying=true}','batchJobId':'{value=1, type=class java.lang.Long, identifying=true}','triggerType':'{value=SCHEDULED, type=class java.lang.String, identifying=true}'}] and the following status: [COMPLETED] in 59ms
[2026-03-06 11:40:00.144] [INFO ] [Async-Executor-2] o.s.b.c.l.support.SimpleJobLauncher - Job: [SimpleJob: [name=sampleJobTwo]] completed with the following parameters: [{'requestedAt':'{value=1772764800015, type=class java.lang.Long, identifying=true}','batchJobId':'{value=3, type=class java.lang.Long, identifying=true}','triggerType':'{value=SCHEDULED, type=class java.lang.String, identifying=true}'}] and the following status: [COMPLETED] in 59ms
Hibernate: select b1_0.id,b1_0.created_at,b1_0.cron_expression,b1_0.enabled,b1_0.job_class,b1_0.job_key,b1_0.last_run_at,b1_0.name,b1_0.updated_at from batch_jobs b1_0 where b1_0.id=?
[2026-03-06 11:45:00.074] [INFO ] [Async-Executor-3] o.s.b.c.l.support.SimpleJobLauncher - Job: [SimpleJob: [name=sampleJob]] launched with the following parameters: [{'requestedAt':'{value=1772765100013, type=class java.lang.Long, identifying=true}','batchJobId':'{value=1, type=class java.lang.Long, identifying=true}','triggerType':'{value=SCHEDULED, type=class java.lang.String, identifying=true}'}]
Hibernate: select b1_0.id,b1_0.created_at,b1_0.cron_expression,b1_0.enabled,b1_0.job_class,b1_0.job_key,b1_0.last_run_at,b1_0.name,b1_0.updated_at from batch_jobs b1_0 where b1_0.id=?
Hibernate: update batch_jobs set cron_expression=?,enabled=?,job_class=?,job_key=?,last_run_at=?,name=?,updated_at=? where id=?
[2026-03-06 11:45:00.114] [INFO ] [Async-Executor-3] o.s.batch.core.job.SimpleStepHandler - Executing step: [step1]
Sample batch job executed
[2026-03-06 11:45:00.148] [INFO ] [Async-Executor-3] o.s.batch.core.step.AbstractStep - Step: [step1] executed in 34ms
[2026-03-06 11:45:00.169] [INFO ] [Async-Executor-3] o.s.b.c.l.support.SimpleJobLauncher - Job: [SimpleJob: [name=sampleJob]] completed with the following parameters: [{'requestedAt':'{value=1772765100013, type=class java.lang.Long, identifying=true}','batchJobId':'{value=1, type=class java.lang.Long, identifying=true}','triggerType':'{value=SCHEDULED, type=class java.lang.String, identifying=true}'}] and the following status: [COMPLETED] in 88ms
Hibernate: select b1_0.id,b1_0.created_at,b1_0.cron_expression,b1_0.enabled,b1_0.job_class,b1_0.job_key,b1_0.last_run_at,b1_0.name,b1_0.updated_at from batch_jobs b1_0 where b1_0.id=?
Hibernate: select b1_0.id,b1_0.created_at,b1_0.cron_expression,b1_0.enabled,b1_0.job_class,b1_0.job_key,b1_0.last_run_at,b1_0.name,b1_0.updated_at from batch_jobs b1_0 where b1_0.id=?
[2026-03-06 11:50:00.041] [INFO ] [Async-Executor-4] o.s.b.c.l.support.SimpleJobLauncher - Job: [SimpleJob: [name=sampleJobTwo]] launched with the following parameters: [{'requestedAt':'{value=1772765400014, type=class java.lang.Long, identifying=true}','batchJobId':'{value=3, type=class java.lang.Long, identifying=true}','triggerType':'{value=SCHEDULED, type=class java.lang.String, identifying=true}'}]
Hibernate: select b1_0.id,b1_0.created_at,b1_0.cron_expression,b1_0.enabled,b1_0.job_class,b1_0.job_key,b1_0.last_run_at,b1_0.name,b1_0.updated_at from batch_jobs b1_0 where b1_0.id=?
Hibernate: update batch_jobs set cron_expression=?,enabled=?,job_class=?,job_key=?,last_run_at=?,name=?,updated_at=? where id=?
[2026-03-06 11:50:00.050] [INFO ] [Async-Executor-5] o.s.b.c.l.support.SimpleJobLauncher - Job: [SimpleJob: [name=sampleJob]] launched with the following parameters: [{'requestedAt':'{value=1772765400014, type=class java.lang.Long, identifying=true}','batchJobId':'{value=1, type=class java.lang.Long, identifying=true}','triggerType':'{value=SCHEDULED, type=class java.lang.String, identifying=true}'}]
Hibernate: select b1_0.id,b1_0.created_at,b1_0.cron_expression,b1_0.enabled,b1_0.job_class,b1_0.job_key,b1_0.last_run_at,b1_0.name,b1_0.updated_at from batch_jobs b1_0 where b1_0.id=?
Hibernate: update batch_jobs set cron_expression=?,enabled=?,job_class=?,job_key=?,last_run_at=?,name=?,updated_at=? where id=?
[2026-03-06 11:50:00.063] [INFO ] [Async-Executor-4] o.s.batch.core.job.SimpleStepHandler - Executing step: [step1]
[2026-03-06 11:50:00.073] [INFO ] [Async-Executor-5] o.s.batch.core.job.SimpleStepHandler - Executing step: [step1]
Sample batch job executed
Sample batch job executed
[2026-03-06 11:50:00.084] [INFO ] [Async-Executor-4] o.s.batch.core.step.AbstractStep - Step: [step1] executed in 20ms
[2026-03-06 11:50:00.091] [INFO ] [Async-Executor-5] o.s.batch.core.step.AbstractStep - Step: [step1] executed in 18ms
[2026-03-06 11:50:00.100] [INFO ] [Async-Executor-4] o.s.b.c.l.support.SimpleJobLauncher - Job: [SimpleJob: [name=sampleJobTwo]] completed with the following parameters: [{'requestedAt':'{value=1772765400014, type=class java.lang.Long, identifying=true}','batchJobId':'{value=3, type=class java.lang.Long, identifying=true}','triggerType':'{value=SCHEDULED, type=class java.lang.String, identifying=true}'}] and the following status: [COMPLETED] in 51ms
[2026-03-06 11:50:00.108] [INFO ] [Async-Executor-5] o.s.b.c.l.support.SimpleJobLauncher - Job: [SimpleJob: [name=sampleJob]] completed with the following parameters: [{'requestedAt':'{value=1772765400014, type=class java.lang.Long, identifying=true}','batchJobId':'{value=1, type=class java.lang.Long, identifying=true}','triggerType':'{value=SCHEDULED, type=class java.lang.String, identifying=true}'}] and the following status: [COMPLETED] in 51ms
Hibernate: select b1_0.id,b1_0.created_at,b1_0.cron_expression,b1_0.enabled,b1_0.job_class,b1_0.job_key,b1_0.last_run_at,b1_0.name,b1_0.updated_at from batch_jobs b1_0 where b1_0.id=?
[2026-03-06 11:55:00.038] [INFO ] [Async-Executor-1] o.s.b.c.l.support.SimpleJobLauncher - Job: [SimpleJob: [name=sampleJob]] launched with the following parameters: [{'requestedAt':'{value=1772765700013, type=class java.lang.Long, identifying=true}','batchJobId':'{value=1, type=class java.lang.Long, identifying=true}','triggerType':'{value=SCHEDULED, type=class java.lang.String, identifying=true}'}]
Hibernate: select b1_0.id,b1_0.created_at,b1_0.cron_expression,b1_0.enabled,b1_0.job_class,b1_0.job_key,b1_0.last_run_at,b1_0.name,b1_0.updated_at from batch_jobs b1_0 where b1_0.id=?
Hibernate: update batch_jobs set cron_expression=?,enabled=?,job_class=?,job_key=?,last_run_at=?,name=?,updated_at=? where id=?
[2026-03-06 11:55:00.058] [INFO ] [Async-Executor-1] o.s.batch.core.job.SimpleStepHandler - Executing step: [step1]
Sample batch job executed
[2026-03-06 11:55:00.075] [INFO ] [Async-Executor-1] o.s.batch.core.step.AbstractStep - Step: [step1] executed in 16ms
[2026-03-06 11:55:00.089] [INFO ] [Async-Executor-1] o.s.b.c.l.support.SimpleJobLauncher - Job: [SimpleJob: [name=sampleJob]] completed with the following parameters: [{'requestedAt':'{value=1772765700013, type=class java.lang.Long, identifying=true}','batchJobId':'{value=1, type=class java.lang.Long, identifying=true}','triggerType':'{value=SCHEDULED, type=class java.lang.String, identifying=true}'}] and the following status: [COMPLETED] in 46ms
Hibernate: select b1_0.id,b1_0.created_at,b1_0.cron_expression,b1_0.enabled,b1_0.job_class,b1_0.job_key,b1_0.last_run_at,b1_0.name,b1_0.updated_at from batch_jobs b1_0 where b1_0.id=?
Hibernate: select b1_0.id,b1_0.created_at,b1_0.cron_expression,b1_0.enabled,b1_0.job_class,b1_0.job_key,b1_0.last_run_at,b1_0.name,b1_0.updated_at from batch_jobs b1_0 where b1_0.id=?
[2026-03-06 12:00:00.050] [INFO ] [Async-Executor-2] o.s.b.c.l.support.SimpleJobLauncher - Job: [SimpleJob: [name=sampleJobTwo]] launched with the following parameters: [{'requestedAt':'{value=1772766000024, type=class java.lang.Long, identifying=true}','batchJobId':'{value=3, type=class java.lang.Long, identifying=true}','triggerType':'{value=SCHEDULED, type=class java.lang.String, identifying=true}'}]
Hibernate: select b1_0.id,b1_0.created_at,b1_0.cron_expression,b1_0.enabled,b1_0.job_class,b1_0.job_key,b1_0.last_run_at,b1_0.name,b1_0.updated_at from batch_jobs b1_0 where b1_0.id=?
Hibernate: update batch_jobs set cron_expression=?,enabled=?,job_class=?,job_key=?,last_run_at=?,name=?,updated_at=? where id=?
[2026-03-06 12:00:00.057] [INFO ] [Async-Executor-3] o.s.b.c.l.support.SimpleJobLauncher - Job: [SimpleJob: [name=sampleJob]] launched with the following parameters: [{'requestedAt':'{value=1772766000024, type=class java.lang.Long, identifying=true}','batchJobId':'{value=1, type=class java.lang.Long, identifying=true}','triggerType':'{value=SCHEDULED, type=class java.lang.String, identifying=true}'}]
Hibernate: select b1_0.id,b1_0.created_at,b1_0.cron_expression,b1_0.enabled,b1_0.job_class,b1_0.job_key,b1_0.last_run_at,b1_0.name,b1_0.updated_at from batch_jobs b1_0 where b1_0.id=?
Hibernate: update batch_jobs set cron_expression=?,enabled=?,job_class=?,job_key=?,last_run_at=?,name=?,updated_at=? where id=?
[2026-03-06 12:00:00.071] [INFO ] [Async-Executor-2] o.s.batch.core.job.SimpleStepHandler - Executing step: [step1]
[2026-03-06 12:00:00.078] [INFO ] [Async-Executor-3] o.s.batch.core.job.SimpleStepHandler - Executing step: [step1]
Sample batch job executed
[2026-03-06 12:00:00.088] [INFO ] [Async-Executor-2] o.s.batch.core.step.AbstractStep - Step: [step1] executed in 17ms
Sample batch job executed
[2026-03-06 12:00:00.098] [INFO ] [Async-Executor-3] o.s.batch.core.step.AbstractStep - Step: [step1] executed in 19ms
[2026-03-06 12:00:00.105] [INFO ] [Async-Executor-2] o.s.b.c.l.support.SimpleJobLauncher - Job: [SimpleJob: [name=sampleJobTwo]] completed with the following parameters: [{'requestedAt':'{value=1772766000024, type=class java.lang.Long, identifying=true}','batchJobId':'{value=3, type=class java.lang.Long, identifying=true}','triggerType':'{value=SCHEDULED, type=class java.lang.String, identifying=true}'}] and the following status: [COMPLETED] in 48ms
[2026-03-06 12:00:00.115] [INFO ] [Async-Executor-3] o.s.b.c.l.support.SimpleJobLauncher - Job: [SimpleJob: [name=sampleJob]] completed with the following parameters: [{'requestedAt':'{value=1772766000024, type=class java.lang.Long, identifying=true}','batchJobId':'{value=1, type=class java.lang.Long, identifying=true}','triggerType':'{value=SCHEDULED, type=class java.lang.String, identifying=true}'}] and the following status: [COMPLETED] in 51ms
Hibernate: select b1_0.id,b1_0.created_at,b1_0.cron_expression,b1_0.enabled,b1_0.job_class,b1_0.job_key,b1_0.last_run_at,b1_0.name,b1_0.updated_at from batch_jobs b1_0 where b1_0.id=?
[2026-03-06 12:05:00.037] [INFO ] [Async-Executor-4] o.s.b.c.l.support.SimpleJobLauncher - Job: [SimpleJob: [name=sampleJob]] launched with the following parameters: [{'requestedAt':'{value=1772766300012, type=class java.lang.Long, identifying=true}','batchJobId':'{value=1, type=class java.lang.Long, identifying=true}','triggerType':'{value=SCHEDULED, type=class java.lang.String, identifying=true}'}]
Hibernate: select b1_0.id,b1_0.created_at,b1_0.cron_expression,b1_0.enabled,b1_0.job_class,b1_0.job_key,b1_0.last_run_at,b1_0.name,b1_0.updated_at from batch_jobs b1_0 where b1_0.id=?
Hibernate: update batch_jobs set cron_expression=?,enabled=?,job_class=?,job_key=?,last_run_at=?,name=?,updated_at=? where id=?
[2026-03-06 12:05:00.061] [INFO ] [Async-Executor-4] o.s.batch.core.job.SimpleStepHandler - Executing step: [step1]
Sample batch job executed
[2026-03-06 12:05:00.078] [INFO ] [Async-Executor-4] o.s.batch.core.step.AbstractStep - Step: [step1] executed in 17ms
[2026-03-06 12:05:00.093] [INFO ] [Async-Executor-4] o.s.b.c.l.support.SimpleJobLauncher - Job: [SimpleJob: [name=sampleJob]] completed with the following parameters: [{'requestedAt':'{value=1772766300012, type=class java.lang.Long, identifying=true}','batchJobId':'{value=1, type=class java.lang.Long, identifying=true}','triggerType':'{value=SCHEDULED, type=class java.lang.String, identifying=true}'}] and the following status: [COMPLETED] in 49ms
^C